scenario,setting,stress_level,variant,method,metric_name,n_seeds,n_success,failure_count,true_value,estimate_mean,estimate_median,estimate_std,bias,rmse,mae,coverage_rate,fragility,fragility_reason,score
CausalForest,baseline,baseline,standard,causal_forest_analysis,ate,30,30,0,100.14461154839172,99.79616000000003,99.5702,2.668799015261747,-0.3484515483917169,1.8413194417574372,1.5653613879127746,1.0,robust,normalized_rmse=0.018 stayed within 0.15,0.9880981659050478
CausalForest,noisy_outcome,mild,standard,causal_forest_analysis,ate,30,30,0,100.14461154839172,99.35391000000001,98.49645,4.2856562678833985,-0.7907015483917168,3.7197697237073717,3.1375147348213526,0.6666666666666666,bounded,normalized_rmse=0.037 stayed within 0.40,0.9690730442997256
CausalForest,severe_stress,severe,standard,causal_forest_analysis,ate,30,30,0,100.67240700256343,101.34443999999998,102.08485,14.759982704424033,0.6720329974365673,14.48694565404305,12.038783591820236,0.6,bounded,normalized_rmse=0.144 stayed within 0.40,0.9019900287915102
CausalForest,small_sample,mild,standard,causal_forest_analysis,ate,30,30,0,101.16612532963809,100.74121000000001,101.77345,5.6080273019005595,-0.4249153296381067,3.217702014756079,2.694268550242761,0.9666666666666667,robust,normalized_rmse=0.032 stayed within 0.15,0.9798662839500244
DiD,baseline,baseline,standard,difference_in_differences,did_estimate,30,30,0,-8.0,-8.044766666666668,-8.0794,0.2051500247225872,-0.0447666666666667,0.20661002557152605,0.17640666666666668,1.0,robust,normalized_rmse=0.026 stayed within 0.15,0.9831052897488022
DiD,noisy_outcome,mild,standard,difference_in_differences,did_estimate,30,30,0,-8.0,-8.06182,-8.0643,0.27790734427143154,-0.06181999999999987,0.28014244233960683,0.22204666666666661,1.0,robust,normalized_rmse=0.035 stayed within 0.15,0.9770574418245295
DiD,severe_stress,severe,standard,difference_in_differences,did_estimate,30,30,0,-4.0,-4.3935666666666675,-4.6693999999999996,1.2284058231857995,-0.39356666666666673,1.270266202547062,1.0716800000000002,0.9333333333333333,bounded,normalized_rmse=0.318 stayed within 0.40,0.784862152951274
DiD,small_sample,mild,standard,difference_in_differences,did_estimate,30,30,0,-8.0,-7.943003333333333,-7.86175,0.524453622079821,0.056996666666666584,0.5187791774926978,0.44223666666666667,0.9333333333333333,robust,normalized_rmse=0.065 stayed within 0.15,0.9593104158547143
ERF,baseline,baseline,standard,exposure_response_function,range_effect,30,30,0,19.5303625110277,17.29210866220225,17.205114645331285,0.4778694878816617,-2.2382538488254515,2.280598685136471,2.2382538488254515,,robust,normalized_rmse=0.117 stayed within 0.15,0.9012858736134746
ERF,noisy_outcome,mild,standard,exposure_response_function,range_effect,30,30,0,19.5303625110277,17.394990176965518,17.255622482202746,0.8354893708717267,-2.1353723340621853,2.278728984968743,2.1353723340621853,,robust,normalized_rmse=0.117 stayed within 0.15,0.9026602566427859
ERF,severe_stress,severe,standard,exposure_response_function,range_effect,30,30,0,14.475604978838094,12.736998391892348,11.938908180147642,2.6334369768662187,-1.7386065869457485,3.1219130138965827,2.6694988666331843,,bounded,normalized_rmse=0.216 stayed within 0.40,0.8405731948026931
ERF,small_sample,mild,standard,exposure_response_function,range_effect,30,30,0,19.465219640803607,16.492053698449954,16.385947163372194,0.8146297274225568,-2.973165942353659,3.0683280083164823,2.973165942353659,,bounded,normalized_rmse=0.158 stayed within 0.40,0.8672355956795351
GCCM,baseline,baseline,knn_k2,geographic_causal_mapping,direction_accuracy,30,30,0,1.0,1.0,1.0,0.0,0.0,0.0,0.0,,robust,direction_accuracy=1.00 met robust threshold,1.0
GCCM,baseline,baseline,queen,geographic_causal_mapping,direction_accuracy,30,30,0,1.0,0.9666666666666667,1.0,0.18257418583505533,-0.03333333333333333,0.18257418583505536,0.03333333333333333,,robust,direction_accuracy=0.97 met robust threshold,0.9666666666666667
GCCM,baseline,baseline,standard,geographic_causal_mapping,direction_accuracy,30,30,0,1.0,1.0,1.0,0.0,0.0,0.0,0.0,,robust,direction_accuracy=1.00 met robust threshold,1.0
GCCM,noisy_outcome,mild,knn_k2,geographic_causal_mapping,direction_accuracy,30,30,0,1.0,0.9333333333333333,1.0,0.2537081317024625,-0.06666666666666667,0.2581988897471611,0.06666666666666667,,robust,direction_accuracy=0.93 met robust threshold,0.9333333333333333
GCCM,noisy_outcome,mild,queen,geographic_causal_mapping,direction_accuracy,30,30,0,1.0,0.9666666666666667,1.0,0.18257418583505533,-0.03333333333333333,0.18257418583505536,0.03333333333333333,,robust,direction_accuracy=0.97 met robust threshold,0.9666666666666667
GCCM,noisy_outcome,mild,standard,geographic_causal_mapping,direction_accuracy,30,30,0,1.0,1.0,1.0,0.0,0.0,0.0,0.0,,robust,direction_accuracy=1.00 met robust threshold,1.0
GCCM,severe_stress,severe,knn_k2,geographic_causal_mapping,direction_accuracy,30,30,0,1.0,0.9,1.0,0.3051285766293646,-0.1,0.31622776601683794,0.1,,robust,direction_accuracy=0.90 met robust threshold,0.9
GCCM,severe_stress,severe,queen,geographic_causal_mapping,direction_accuracy,30,30,0,1.0,1.0,1.0,0.0,0.0,0.0,0.0,,robust,direction_accuracy=1.00 met robust threshold,1.0
GCCM,severe_stress,severe,standard,geographic_causal_mapping,direction_accuracy,30,30,0,1.0,0.9666666666666667,1.0,0.18257418583505533,-0.03333333333333333,0.18257418583505536,0.03333333333333333,,robust,direction_accuracy=0.97 met robust threshold,0.9666666666666667
GCCM,small_sample,mild,knn_k2,geographic_causal_mapping,direction_accuracy,30,30,0,1.0,0.8333333333333334,1.0,0.3790490217894517,-0.16666666666666666,0.408248290463863,0.16666666666666666,,bounded,direction_accuracy=0.83 was mixed,0.8333333333333334
GCCM,small_sample,mild,queen,geographic_causal_mapping,direction_accuracy,30,30,0,1.0,0.9666666666666667,1.0,0.18257418583505536,-0.03333333333333333,0.18257418583505536,0.03333333333333333,,robust,direction_accuracy=0.97 met robust threshold,0.9666666666666667
GCCM,small_sample,mild,standard,geographic_causal_mapping,direction_accuracy,30,30,0,1.0,1.0,1.0,0.0,0.0,0.0,0.0,,robust,direction_accuracy=1.00 met robust threshold,1.0
Granger,baseline,baseline,standard,spatial_granger_causality,direction_accuracy,30,30,0,1.0,0.8666666666666667,1.0,0.34574590364176044,-0.13333333333333333,0.3651483716701107,0.13333333333333333,,robust,direction_accuracy=0.87 met robust threshold,0.8666666666666667
Granger,noisy_outcome,mild,standard,spatial_granger_causality,direction_accuracy,30,30,0,1.0,0.8666666666666667,1.0,0.34574590364176044,-0.13333333333333333,0.3651483716701107,0.13333333333333333,,robust,direction_accuracy=0.87 met robust threshold,0.8666666666666667
Granger,severe_stress,severe,standard,spatial_granger_causality,direction_accuracy,30,30,0,1.0,0.16666666666666666,0.0,0.3790490217894517,-0.8333333333333334,0.9128709291752769,0.8333333333333334,,fragile,direction_accuracy=0.17 fell below 0.50,0.16666666666666666
Granger,small_sample,mild,standard,spatial_granger_causality,direction_accuracy,30,30,0,1.0,0.6666666666666666,1.0,0.47946330148538413,-0.3333333333333333,0.5773502691896257,0.3333333333333333,,bounded,direction_accuracy=0.67 was mixed,0.6666666666666666
PSM,baseline,baseline,caliper,propensity_score_matching,att,30,30,0,15000.0,8457.610296666668,8763.4617,1515.0979145936594,-6542.389703333333,6709.833629188918,6542.389703333333,0.0,fragile,normalized_rmse=0.447 exceeded 0.40,0.5825668264435544
PSM,baseline,baseline,kernel,propensity_score_matching,att,30,30,0,15000.0,8675.602669999998,8894.189699999999,1808.4241138507844,-6324.397330000002,6569.580359816211,6324.397330000002,0.0,fragile,normalized_rmse=0.438 exceeded 0.40,0.5918101634406848
PSM,baseline,baseline,naive_difference,mean_difference,ate,30,30,0,15000.0,23795.03296155162,23617.29582708016,1093.1922115397172,8795.032961551617,8860.464906864168,8795.032961551617,,fragile,normalized_rmse=0.591 exceeded 0.40,0.4989975210329064
PSM,baseline,baseline,ols_adjusted,ols_adjusted,ate,30,30,0,15000.0,15011.892389913735,15001.263761758511,418.7219085902472,11.892389913737377,411.85579731285117,323.1054273882881,0.8666666666666667,robust,normalized_rmse=0.027 stayed within 0.15,0.9833275616089237
PSM,baseline,baseline,standard,propensity_score_matching,att,30,30,0,15000.0,8675.602669999998,8894.189699999999,1808.4241138507844,-6324.397330000002,6569.580359816211,6324.397330000002,0.0,fragile,normalized_rmse=0.438 exceeded 0.40,0.5918101634406848
PSM,noisy_outcome,mild,caliper,propensity_score_matching,att,30,30,0,15000.0,8414.443259999998,8832.453150000001,1715.2941891574671,-6585.556740000002,6798.067170841396,6585.556740000002,0.0,fragile,normalized_rmse=0.453 exceeded 0.40,0.5783180341663441
PSM,noisy_outcome,mild,kernel,propensity_score_matching,att,30,30,0,15000.0,8630.35699,9191.9512,2113.8659346919994,-6369.643010000001,6700.136836291587,6369.643010000001,0.0,fragile,normalized_rmse=0.447 exceeded 0.40,0.5858338097150032
PSM,noisy_outcome,mild,naive_difference,mean_difference,ate,30,30,0,15000.0,23815.18800572153,23569.109798736128,1185.4777904418386,8815.188005721526,8891.909351471886,8815.188005721526,,fragile,normalized_rmse=0.593 exceeded 0.40,0.4974038258457658
PSM,noisy_outcome,mild,ols_adjusted,ols_adjusted,ate,30,30,0,15000.0,15020.811682349962,15002.211583079858,732.7633400335892,20.81168234996124,720.7476452981615,565.4344979295078,0.8666666666666667,robust,normalized_rmse=0.048 stayed within 0.15,0.9708232328155741
PSM,noisy_outcome,mild,standard,propensity_score_matching,att,30,30,0,15000.0,8630.35699,9191.9512,2113.8659346919994,-6369.643010000001,6700.136836291587,6369.643010000001,0.0,fragile,normalized_rmse=0.447 exceeded 0.40,0.5858338097150032
PSM,severe_stress,severe,caliper,propensity_score_matching,att,30,30,0,15000.0,3185.322843333334,619.7208,11410.164808371763,-11814.677156666667,16292.290464265392,14636.596323333333,0.26666666666666666,fragile,normalized_rmse=1.086 exceeded 0.40,0.12473042881827334
PSM,severe_stress,severe,kernel,propensity_score_matching,att,30,30,0,15000.0,8253.43165,3553.7956999999997,17432.970627330717,-6746.56835,18419.944821618894,15989.174923333332,0.13333333333333333,fragile,normalized_rmse=1.228 exceeded 0.40,0.11742606796857757
PSM,severe_stress,severe,naive_difference,mean_difference,ate,30,30,0,15000.0,24830.809956097844,25321.806836581294,3228.1933821850153,9830.809956097843,10330.473488112868,9830.809956097843,,fragile,normalized_rmse=0.689 exceeded 0.40,0.4229342278738546
PSM,severe_stress,severe,ols_adjusted,ols_adjusted,ate,30,30,0,15000.0,15238.885634755574,15198.222450224708,1948.1623066956683,238.88563475557368,1930.2568500801565,1614.2826489461684,1.0,robust,normalized_rmse=0.129 stayed within 0.15,0.9188082987508674
PSM,severe_stress,severe,standard,propensity_score_matching,att,30,30,0,15000.0,8253.43165,3553.7956999999997,17432.970627330717,-6746.56835,18419.944821618894,15989.174923333332,0.13333333333333333,fragile,normalized_rmse=1.228 exceeded 0.40,0.11742606796857757
PSM,small_sample,mild,caliper,propensity_score_matching,att,30,30,0,15000.0,3614.3721833333334,3997.4624000000003,4910.66090956927,-11385.627816666665,12367.024365739713,11385.627816666665,0.0,fragile,normalized_rmse=0.824 exceeded 0.40,0.2755585617593004
PSM,small_sample,mild,kernel,propensity_score_matching,att,30,30,0,15000.0,5439.125683333334,5774.3123,5798.431680596379,-9560.874316666666,11131.549786761738,9560.874316666666,0.1,fragile,normalized_rmse=0.742 exceeded 0.40,0.3603901032517527
PSM,small_sample,mild,naive_difference,mean_difference,ate,30,30,0,15000.0,23058.740561235663,22888.179669813675,1727.5087364287704,8058.740561235659,8235.782273303568,8058.740561235659,,fragile,normalized_rmse=0.549 exceeded 0.40,0.5362563663805963
PSM,small_sample,mild,ols_adjusted,ols_adjusted,ate,30,30,0,15000.0,14666.643150019105,14577.328787132366,800.390398775714,-333.3568499808929,854.6329154670941,683.4843422228582,0.9333333333333333,robust,normalized_rmse=0.057 stayed within 0.15,0.9602587358816347
PSM,small_sample,mild,standard,propensity_score_matching,att,30,30,0,15000.0,5439.125683333334,5774.3123,5798.431680596379,-9560.874316666666,11131.549786761738,9560.874316666666,0.1,fragile,normalized_rmse=0.742 exceeded 0.40,0.3603901032517527
