treatment,crop_yield,aridity,soil_quality,cate
0,634.5491211317009,0.7739560485559633,42.57807906002563,140.01538107678437
0,725.7321511552113,0.4388784397520523,59.24357757187434,67.70798546785443
0,663.7123789526745,0.8585979199113825,50.34611874185256,172.5685513938422
1,802.7706043286198,0.6973680290593639,47.1720425085243,122.8960074788929
0,681.892645353428,0.0941773478876495,48.93818069377424,15.801341750095958
0,621.6033805214524,0.975622351636756,52.23122018406166,194.88603794283108
1,843.3782231629853,0.761139701990353,56.1681419968978,135.97386944792606
0,611.1715705000703,0.7860643052769538,40.00287771330619,156.43683915746124
1,568.892241683288,0.1281136326755458,39.58412367378728,6.495414649068948
0,619.2952902025015,0.4503859378955671,61.0467921540253,107.69176908280258
0,607.0863654882975,0.3707980242325812,45.8766312779527,83.15741066631904
0,623.4314340798712,0.9267649888486018,35.83157907403126,197.57995069386823
0,666.7283682417021,0.6438651200806645,54.43812709383105,117.95934762274806
0,669.4320953962506,0.82276161327083,54.63369806032687,150.6070157128288
1,751.2896865283659,0.4434141988273311,34.69284742743294,49.184103953366616
0,618.8117630181138,0.2272387217847769,52.294817154636064,34.13165354695218
1,782.1614495505065,0.5545847870158348,57.35583092428374,118.34964400991782
1,683.1281104564373,0.0638172561041753,53.74386451706263,60.01388798084497
0,646.8712510166918,0.8276311719925821,56.319814837613954,151.11402454096412
1,735.0546092341788,0.6316643991220648,35.957309019092506,148.1331172728319
0,611.9327246273556,0.7580877400853738,53.31040154996196,104.37730423795313
0,683.2185937341374,0.3545259681298683,46.97380240529554,81.69945177164198
0,615.0678586623477,0.9706980243949032,45.17209841275356,158.26379881583273
1,915.6828974903864,0.8931211213221977,58.70555609419726,171.90802110527488
1,849.0807050174556,0.7783834970737619,64.7927451067423,166.9546602881212
0,734.6727085999862,0.1946387078519675,67.94370054600358,5.614533049917441
1,781.1893508208493,0.4667210037270342,63.14807871505905,67.60033070511827
1,654.5464127407243,0.0438037657872287,48.902658183698165,7.5649283802525815
0,643.06072489413,0.1542894920675478,53.52720163026344,53.16301881079153
1,813.1881946830065,0.6830489532424546,57.66822871784244,132.17769926111464
1,812.1277304929688,0.7447621559078171,51.21177949299462,139.74255661802056
1,823.897116856733,0.96750973243421,51.30764187911544,206.6849885322846
1,736.1263331081193,0.3258253581381519,58.23753131876183,76.12381548549922
0,629.9185546375086,0.3704597060348689,49.40717353974068,83.23543762276597
0,697.1113139972354,0.4695558112758079,42.707130636263386,115.34055511011093
1,672.7681567444329,0.1894713590842857,45.85526934164142,32.082900663800274
0,715.374275882909,0.1299215053354716,56.33910377733742,11.199262025136022
0,644.221128811768,0.4757049262259337,50.02993291199956,102.65073108082527
1,713.3667983622742,0.2269093490508841,53.40209976868338,44.701545577207185
0,630.4614551167076,0.6698139946825103,56.7007924220219,141.5907313543603
0,625.3425783570358,0.4371519188723307,46.25158537102391,96.38770543121257
1,845.5391242441391,0.8326781960578374,57.56248163629806,158.03753804257917
0,708.9453930325478,0.7002651020022491,53.78842603458394,156.09244505134927
0,619.6150907229438,0.312366641382041,37.65186913088522,81.46510304060689
1,901.2327148504174,0.8322598013952011,64.42304791186244,156.13749911316506
0,654.1995309933801,0.8047643574968019,44.99255256243084,134.35884671101473
0,649.1691798883851,0.3874783790301744,33.44904656814816,68.60952857356301
0,616.8774221932592,0.2883281039302441,39.54956290413698,79.15411066404295
1,827.5744272941996,0.6824955039749755,39.789548393216776,150.55351983935304
0,637.0033134723024,0.1397524836093098,50.52173318657533,49.59961639578114
1,658.7722703027044,0.1999082024751083,47.26149494453763,36.23847543598163
0,603.5934554801112,0.0073622697510055,46.63168032359407,-14.55533071106106
0,738.5217991112164,0.7869243775021384,56.19701965482479,172.9090629562644
1,817.7498593327244,0.6648508565920321,53.39875361192704,139.36715914639285
1,790.4908898431863,0.7051653786263351,53.16047870644286,156.4000387852118
1,855.9113408304593,0.7807290310219679,54.098284573286925,156.97055584126178
0,689.1148055936006,0.4589157755383399,56.16134668002238,74.3995422823059
1,759.4934630785232,0.5687411959528937,28.92046658222557,126.9951664368117
1,620.5912670754003,0.1397969981276574,46.35561747735539,40.173819479722056
0,576.6328948158881,0.1145300735359734,28.19789935510526,12.292281190027438
0,637.2061562856491,0.6684029617904717,50.36059926797795,138.91418880679464
1,684.8697717696381,0.4710962061431325,49.953670277756544,95.44215447256454
0,713.1757843870812,0.5652361064811888,60.4553227478968,137.7332696947185
1,830.5169065907379,0.7649988574160256,61.87634392721121,157.65818736878578
1,805.215851597286,0.6347183200005908,52.02775048252367,136.6175824801843
0,705.7823257079814,0.5535794006579958,44.996389226031,99.96971059230884
0,653.9575226215438,0.5592071607454135,54.85161112545738,123.03696327666592
0,621.5278814005559,0.3039500980626122,44.72082362675687,97.53144487803786
0,653.5181455484194,0.0308178345679394,49.986073485566514,20.754865596616355
0,709.2015100983253,0.4367173892323623,59.86136316960768,106.72767480156722
1,659.1824034249187,0.2145846728195292,44.422286540105766,49.49694002478702
0,655.2415112633112,0.4085286437246361,58.05678639242501,92.6762358555277
1,872.7183338216433,0.8534030732681661,56.77401368692303,119.71026074665633
0,632.7154252012165,0.2339394858653407,40.45208182869179,35.663740042573636
0,617.8749759563774,0.058302741689066,59.73894128217401,-1.6393310057654844
0,634.1952363770719,0.2813838920219965,56.98566345371505,52.840969087874214
1,756.8136040893328,0.2935937577666836,51.01925887372657,78.11015632742215
0,639.1881447515349,0.6619165147268951,42.37676541972348,146.5230299867227
0,601.3579415116154,0.5570321523412783,41.4079398142443,141.74260765098302
1,785.5374747971425,0.7838982091064135,44.62337423096977,167.03636624872115
1,799.5376421482864,0.6643135403273875,55.4259446329196,140.94232719271656
0,643.403245786363,0.4063868614400705,40.44374832598602,44.37510860836937
1,785.1815425460394,0.8140203846660347,54.3751224861987,177.2250176233398
0,587.5188599735345,0.1669729199077039,37.58244471121607,20.13659461629254
0,652.0666151127361,0.0227120731338604,47.95931415561151,6.4652679916858915
0,650.2943952223567,0.0900478607756417,51.096477545740086,2.930309777910338
0,740.5096798308688,0.7223593505964503,74.45130145058917,96.50957539745627
0,571.7953084136011,0.4618772302513874,36.22684344479633,96.30557390337651
1,737.128653089564,0.1612717790336018,64.72014566490134,25.94348424887687
0,687.2427810009426,0.5010447751033635,51.4984241398728,123.790916707679
1,707.4021344975911,0.1523121027131684,54.11171918015963,46.62345641906779
1,796.9878646100411,0.696320375077736,51.183479133882045,155.72631278944743
1,749.696551583684,0.4461562755740307,54.44726818195233,110.45343660447895
1,696.5481575052909,0.3810212260964825,48.46314895637983,80.52132769937316
1,751.7639655001054,0.3015120891478765,64.54050181457458,87.85882929377033
1,800.1535598834482,0.6302825931188885,45.43528855775278,93.8870544008638
0,680.3961819673736,0.3618126105533904,61.32234572179247,49.00336445063465
0,603.974866713157,0.087649919316101,43.55632879786977,5.178413593449022
1,657.0262123691028,0.1180059021205153,49.39748153598713,32.223424660429714
1,816.2461652594742,0.9618976645495144,39.28037447709781,149.65546920987208
0,652.4452916950002,0.908580690707607,54.5502372034752,168.22141533132117
1,847.8543039618402,0.6997071338107496,64.45125956926533,157.9038899961347
0,663.3646274278453,0.2658699614595196,49.22643820179146,64.74589032600727
1,864.5981999205669,0.969176377347724,48.0311430129609,182.51953785205728
0,659.2682752759132,0.7787509039657946,38.85383036932073,175.8424825345404
0,672.9969821246016,0.7168901891589956,47.70707346447692,147.77516279964584
0,574.1890002839153,0.4493615021437886,34.07205740278472,103.62363764003203
0,595.5076270011471,0.272241561845159,40.87122013281173,52.56953047435604
0,654.5304370894793,0.0963909621534993,52.26786046109135,4.052030613715942
0,676.0351352150595,0.9026023965438416,63.19013197741396,164.97454531740618
0,700.1265240280567,0.455776289833611,78.09210861229502,87.08276579273695
0,619.1516936226832,0.2023633647952303,44.13414914929099,23.657976798863842
0,678.823616690792,0.3059566241506525,64.3530015664544,76.603065599861
0,637.1571422192133,0.579219568941896,52.43752480401648,123.07311223760462
0,635.9888860129586,0.1767727829392317,48.48752353253624,42.56921061606363
0,698.3313590613345,0.8566142840923755,54.32594451726152,181.27004230408647
0,657.834635747876,0.7585195298352101,50.61916483679959,170.45628806805337
0,727.4661440500306,0.7194629559509368,51.103957256122186,154.3426328739606
0,642.8652506957893,0.4320930397751037,45.91666837173331,65.0814115863003
1,724.8165051284055,0.6273088407024432,36.01890340201149,139.94564280379348
1,720.6348241865306,0.5840979689127356,34.56374797477918,141.95892710662827
1,807.2614261627069,0.64984660155482,56.53244883281227,148.4175601266055
1,671.6454802405383,0.084444321139889,47.23299909914287,40.75385845539029
1,777.5801532202075,0.4158074021706096,44.039111003438336,76.78354166367706
0,624.8955548523676,0.0416141738618924,50.085056267231536,20.427828976226465
1,798.4175131817046,0.4939908192445189,57.94932252915628,96.60298842218742
1,727.6156786857728,0.3298612123327853,51.80363943026399,74.6805395246937
1,612.0902573968618,0.1445241888660469,43.439450633590326,11.541761796852256
1,730.5903456768217,0.1034029677225516,62.262929556489496,14.768073431742437
0,735.4042719135662,0.587644572177712,65.79185502981632,104.8753989220869
1,673.2400012537399,0.1705929685368861,54.94556655322853,57.0932740657928
1,863.9659129789229,0.9251201183767972,59.7366351134409,172.63698875796183
0,635.4981720441832,0.581061139700395,62.41959996813812,101.50997492172587
1,715.5127466085728,0.346869804534837,61.30099316404514,85.49250833935332
0,699.8638626418963,0.5909154914814168,56.14099177112624,144.42897735750796
1,658.518690437963,0.0228038710296974,55.98347047074883,15.88299381228535
1,824.037570600543,0.9585592132414452,55.19660573346503,208.5026227510383
0,623.9636806973416,0.4823034369429002,39.02662325452957,83.75841148693098
1,811.8963672129141,0.7827352272502862,57.007231568595856,199.5584931225618
0,595.2009311329373,0.0827299999224385,36.44186028873446,39.13901884839345
1,745.6734632841276,0.4866583308381603,42.05400544874945,116.30499738110234
1,752.3963501371163,0.4907069943545209,63.03565067808087,82.71059734504718
1,835.6109394953675,0.9378264549749828,58.40220162694197,175.29268278050733
1,813.589958930257,0.5717280523760754,64.87398289685862,94.59046086657384
0,670.9320622118273,0.4734894010569538,47.28325616312708,90.54037487257858
0,652.5773438063925,0.2669756630918936,38.47751158723233,20.343212276139298
0,622.835032477041,0.3315689973425522,47.59562802929657,82.61948073574547
0,681.1822479248066,0.5206724024715378,51.02031297240574,105.71712797906753
0,628.8453926860881,0.4389114603050467,50.789887163400095,81.78548097229896
0,738.7966947699051,0.0216120798803304,61.33680478756702,25.073226735970138
0,605.1487564873048,0.8262919241943578,46.387295749965546,175.72015664564537
0,700.4153984778397,0.8961607718397667,53.52034471802924,179.28643109055452
1,628.6964201121223,0.1402490889986107,40.11372850565394,24.582514289531446
0,723.9069119851523,0.5540361435390494,54.50317278043813,99.0055622551713
1,689.5480265982324,0.1085757411354435,50.03108550185637,37.85368819168366
0,597.0251039692178,0.6722400930398117,42.501866617154825,166.41815613893743
0,627.2579647484791,0.2812337838390083,47.64170637825147,70.54402453658054
1,799.794690699636,0.6594226346919018,48.15824253484779,132.1854364328633
0,673.4746786483539,0.7269946142868826,47.29844870662904,151.68259099525574
0,701.0187695162966,0.768647491917657,67.71341242267684,168.90726821094154
1,669.934557550847,0.1077409459558965,49.0155399769212,25.597251041171603
0,665.4337076740018,0.916011845137608,47.56103889822662,168.63245684623791
0,591.0304240820203,0.2302139908948808,29.02549042389858,56.3553071271441
1,591.8511448957004,0.0374125561761797,41.057926480205225,0.6234581506097356
0,617.7185765271041,0.5548524693914834,47.36926575543647,112.48955343039177
1,710.6624747817384,0.3709222838624387,43.14147323823357,80.269474792413
0,727.9157002962647,0.8297897431324132,63.81707593377797,201.94187959612384
1,855.1816338758352,0.8082514720643018,48.350622246037815,163.85580326676882
1,775.4669886672341,0.3171388928227153,62.884442493182526,57.04533236626526
1,851.049740866551,0.952899395069745,50.61704634050368,190.03511777093047
1,731.7648193001454,0.2909178381401186,50.37227836421577,100.13097366085515
0,627.3335810624193,0.5150571292317145,49.11203552287499,94.24192011182527
1,696.709976854418,0.2559650905676027,50.03796251621459,68.46406415416777
0,676.8399284513116,0.9360435700489632,67.1879500304986,180.20148961122243
1,575.8709633926358,0.1646078175820181,26.803892732487817,40.4911089650202
1,608.9422218943915,0.0449106193923289,29.98454255561321,-11.57235992797348
0,639.2702742658589,0.4350970600030379,44.56829168943887,111.2679898544302
1,869.5405238045649,0.992375564055837,50.14527881937569,220.05310943615837
0,687.0864876696938,0.891677266254914,56.90104424764012,172.59591667692348
1,821.1935479719299,0.7486080194569492,54.73087198027475,138.98855880972985
1,833.3296207596145,0.8907924908785249,46.1575408711943,183.9728269633673
0,679.2908179104286,0.8934466396978632,60.190436932417626,182.25532689389638
1,797.0642760285439,0.5188583603864491,60.30195403152731,93.61120653490218
1,696.9232132237148,0.315929051830793,51.84057831271566,85.42571221785408
0,689.9709049437791,0.772012432110988,59.62657572486842,168.45100745484922
1,810.5641410950964,0.6616612631677611,52.72645263432129,133.57623726476595
0,613.0650663543474,0.37365772887371,44.38516973217117,54.46502297713948
1,691.3828017520887,0.0944666680615152,56.97816839000005,34.544794973061926
0,634.6103183884795,0.746789611349026,51.106131225786775,157.35709170004145
1,686.7370976917241,0.2624605159228647,50.01339846754487,68.96114553153666
1,847.8033566193785,0.9368131505337792,64.72953572189574,173.20976406671673
0,614.4470838987941,0.2409705750056847,25.491278714599133,41.598423576738355
0,639.4400301368144,0.122757932411486,35.8231582984043,29.558376181620588
1,796.7334372605703,0.8311126721249061,38.129295736256296,185.7235432572594
1,728.924922456149,0.153284316624494,46.36739352431194,15.117694851797864
0,636.6843840099673,0.1792683081577391,47.4539183023397,35.42692419924981
0,695.7331030201276,0.5993827915208435,34.926743522269525,118.61538045512452
0,613.6193765697785,0.8745620408374645,40.14841967689173,178.12213379459297
1,671.117483339888,0.1964346657145732,41.391583214764296,40.455347614072025
0,711.7893853440704,0.3103236729000947,74.57424092075891,39.19052930827252
1,870.7029928824591,0.7774048382411776,68.01741947747146,168.90726821094154
0,662.7159653060479,0.9718264260609674,45.88250582315351,191.83617161132497
1,735.823246739672,0.5007411862023423,46.36416709693201,102.15968129328678
0,668.8254754978798,0.1438975025512507,38.507960028117054,1.453826391555367
0,599.9305661422459,0.0139362877082015,30.91869586774733,-5.688227873014057
1,700.5393619908212,0.2296560299988552,48.83119813591476,32.85913038045794
1,619.1589532245719,0.131822217786521,40.021480167559744,-6.000557960006631
0,660.0094562866512,0.6776586736128575,49.1514946833799,144.01154526968412
0,597.9730079044147,0.1218325046285311,33.99794150956522,26.470994252908213
0,608.8935743705736,0.506329931620633,42.38025541689742,116.28628987752847
0,631.164580614634,0.6942624356428865,51.48627095302831,146.20736807372987
0,741.1391893262186,0.5811166092209024,53.66209597783937,121.03391403326054
1,694.5749715889009,0.1997756516600576,54.17471958742014,42.24461757651579
0,566.6757678518508,0.8041245261822627,36.79511015842962,169.86558277321865
1,797.7753540352501,0.7154071296158017,58.546857301355615,139.31006517150308
0,624.446613917658,0.7389840039155418,41.997883033981495,179.460776346824
0,685.3857484167138,0.1310577515573132,56.32857914607307,10.410704656805137
1,691.0754960832826,0.1237538036503446,49.89361323381807,37.01291019995472
0,629.0068115809573,0.9275625510065076,36.23612500922052,190.46169247208866
1,700.6838984284326,0.3975781938249406,46.83802295418812,81.13972751798156
0,671.1741255669594,0.3009486917809397,53.65363742063768,86.41370704185965
1,739.8239865612273,0.4885840453515333,56.12965380474599,82.77955358861038
1,759.7539161389635,0.6628642127635824,48.59012102555582,149.49495960182583
1,859.5467488924178,0.95562325704697,65.31778890601052,157.48733139230626
0,644.5736574916486,0.286446226882055,60.07510770986559,63.96605650217839
0,674.2266611737476,0.9248084293120272,47.43345883600247,162.35033140117798
0,693.1620053934749,0.0248594913862563,57.50121812136945,-17.37263077302157
1,848.3533741203545,0.5551980423268247,69.33793485188187,87.88797341584632
0,709.9939300042197,0.6339751116810851,69.60484600783028,158.356275596945
0,636.4642345412794,0.1058974037507533,37.72000119177503,35.89965387513348
0,569.3653245260092,0.1403395970639126,40.734668888428494,0.7845134275748933
0,720.4401891433762,0.4191143193163038,64.84918786733851,82.45912133813783
0,623.5651633750217,0.9662319121431816,39.41718949162363,192.67558766903994
0,629.1370540057246,0.5960425532343728,36.77458866708321,127.91892041031974
0,646.814875050487,0.9330232216002112,45.13805869300953,156.13508856724513
1,793.8673297707252,0.8043609156129707,54.20226709474586,141.12056658050983
0,601.9869055399357,0.4673816015552915,48.97603293388904,106.18253676314691
0,609.1214664023433,0.7847634492521874,43.49436379594408,158.87376480917976
1,650.2885013818496,0.0178367839769877,43.25787538275491,-4.728320255471317
1,671.1614298760276,0.1091439967657349,42.87662935587292,22.032917215188377
0,582.5764428187758,0.8294286148827363,41.20490371341057,203.8540653041597
1,848.3794229592678,0.7968170883251617,72.81632877276061,177.80744250409975
1,683.7564099506282,0.2326407419664337,52.97511071185555,22.83799437230573
1,772.0375379439483,0.5307695905990535,58.86759054404739,113.19324855267519
1,715.6693151708549,0.6060158207000109,45.109225318810765,128.16939745637296
1,775.3075374554167,0.8677389537760112,48.14043322813952,183.39839964973942
0,603.9383216666627,0.6031071573387257,42.86446018629645,116.4177605400514
0,573.036365039174,0.4125715692736803,23.48291665080798,78.13856580563402
1,648.0787001833959,0.3741840434071827,36.21990723152134,79.9868950534036
1,677.3837515761372,0.4258820863735099,31.893813200196053,55.533721678847655
0,614.2630711457061,0.6519310255799742,27.502162220483925,157.15403075033612
0,575.0858386486516,0.8674906317523249,38.04641025701898,178.4672845248425
1,774.3346740443926,0.4538968820762997,63.24955679381631,102.0941693160438
0,679.4096169813926,0.2478395629513581,49.555638322956455,56.145449949241424
1,723.5013337582373,0.2366623629975811,62.90563762321174,20.06501966808628
1,794.3222426299631,0.7460142802434464,54.10982576900875,186.73061644063478
1,871.6953918854311,0.8165687634239104,57.8255882571516,147.08419601999935
1,634.8426437425413,0.1052780798541249,40.99103004695425,12.05106275258629
1,712.1651507729828,0.0665588569551781,55.23950954192671,42.87557471122568
1,803.6171215073366,0.5944336637564518,57.28714234074346,130.6686652959736
1,651.6498904842338,0.1461732441926982,44.23352707766307,39.92600929950436
1,846.1097651276791,0.8246641904563413,55.59540370616166,165.62635783009932
1,738.6660529574409,0.3103346739240744,55.66187758574833,78.16167788480368
0,664.1399059961717,0.1438719329711426,44.50447378869917,28.037720398045053
1,784.0606753934097,0.9209704724874502,38.77231567729005,186.08903986889163
0,615.7123320465004,0.1655317227352781,38.15871668101728,44.22603143627282
1,707.6937123370918,0.2847200823379355,50.86505541921462,83.65736711171257
1,711.6574193512846,0.1536133951920586,53.270098687893146,29.989042645883046
0,595.4688492529373,0.1154900636653549,42.074741695420855,9.864820255801192
0,681.3068716869187,0.02114801633644,50.26585341326098,13.419471841123709
0,681.1059742492671,0.0553954091642601,55.70537036138485,4.5076829353934045
1,663.9662634181412,0.1746414709358527,56.18190714665301,3.5243220609717127
0,732.8042883680897,0.0533819326271753,65.51880120122489,46.4423499829727
0,755.3322173898732,0.5911438161109712,62.76980832198044,146.4730895853006
1,786.1591814636872,0.6807145267995064,39.98708567243456,167.38489992428947
1,822.0432206693404,0.3936304568320282,66.83586209538022,84.4230096948445
0,636.6318463114061,0.3179910969520494,44.69023495444285,84.57275029350842
0,631.5010367814775,0.5045262370222301,60.448728124544274,89.79615184519139
1,771.7169736934287,0.8750049422346086,50.67986626051089,162.9878984063431
1,815.5143053267649,0.851131626822206,45.87850621543032,155.8860087084056
1,586.704742377411,0.0434750620127919,31.923031402250672,-2.7543617372871267
0,617.415776343689,0.181498409596524,48.28435489783652,34.724927804901995
0,601.3361024217714,0.236744871104396,34.40616764694391,35.66311233124111
0,697.4865357111217,0.2493875758322118,59.67299235842772,32.41487297528511
1,766.1675836598675,0.5712326517427727,65.16792657139248,110.52728693298934
0,612.6263417126877,0.4162624257031923,42.030890107033095,87.41459903867008
0,704.3552427691876,0.0492541199275939,53.01970742519271,10.893535137774506
1,670.7024306250338,0.3736141384595716,42.746084779920245,97.11837124709007
1,761.9888834543725,0.5237529487176372,43.7151526986321,125.84571216234781
1,679.0272988502345,0.1016719029037159,57.74494703865371,1.0100711259893842
0,665.2176649401962,0.8334585537885597,49.61461738156588,182.48322207452213
0,735.1092664740163,0.0519618664651042,67.39648041931011,-55.46514665188124
0,657.771478648463,0.924841869018062,45.17767521297079,156.52925012569517
0,707.254878040651,0.0991131415798755,59.99336332474489,23.53488504068298
1,787.0895867060453,0.8435749515977528,50.97413412957782,156.91705432118488
0,707.2831314945659,0.9026531439276172,57.95778009744233,187.8139413540306
1,806.9186129583757,0.9795706805865928,45.528423426700535,173.63728634361894
1,816.7046638953175,0.8020258802735936,49.50441162448417,165.75475692623127
1,810.1779273852146,0.7794775407713289,48.84501120701065,168.85866379387323
0,639.4719633207137,0.6424832759955477,41.63942885154213,131.0908469036873
0,679.9711463192583,0.778996354578129,56.620815345817526,153.44584752627338
0,644.1931708116092,0.134552208413147,56.50249005578364,15.13211951461642
0,627.3106184782955,0.5360680359476373,55.93554694905566,101.96015613284192
0,722.2794300163823,0.5142228701904145,65.36965653917645,81.43342120193472
0,699.0553813626565,0.8575721441225576,64.49344801236303,161.9978507905987
1,765.7928376519636,0.4627993655935158,46.25055310150864,108.98151691464489
0,659.8495815273893,0.3850894961003535,53.73052318434178,103.95542175895196
1,717.0497027493668,0.6395632712371101,43.76399310741788,130.4584283780515
0,679.6845499135599,0.266463317500846,50.23355316114556,81.34355359557799
0,620.8963982366008,0.1397684109539568,44.00250550881135,17.24806993635798
0,708.8622129967122,0.4778772740237458,66.20070309136051,51.909047464839546
0,641.4871616559034,0.416889368594885,53.63698150342963,83.1972424932037
0,692.788177463878,0.2325699405288737,47.81970871895578,27.330914838319245
1,733.0139744532211,0.367511810115128,61.93618571856377,65.10566128849393
0,574.7586450829524,0.3663924498262474,28.293845902045884,50.96855945727327
0,592.8003832349608,0.3274955644125454,29.858974051347104,89.15377386592161
1,717.0025057893703,0.3794640797269289,57.95838655219774,79.132827796828
0,661.729639301149,0.6857433454559454,50.60468448117368,129.76992259713472
1,765.2459982461046,0.2968764745712853,52.50446300260761,86.82344018294452
0,595.4942520796322,0.9488579267153404,36.73603896681451,174.45743843332173
1,844.4268771530764,0.916348019538178,49.767662891496336,203.80644024368985
0,627.6222207308837,0.4809104283000786,70.03509410401342,79.88550940007576
0,673.5581125793307,0.3283612050046888,58.24199619795863,59.27826547038899
1,752.786885742499,0.5354347898300031,51.69706545142813,106.88433032969272
1,781.9855523792652,0.8485604887736246,45.60946089895062,161.49228792588235
0,670.6063285327742,0.652587340560102,46.05427148130606,137.3296733811294
1,737.2151184647001,0.8043918279470774,28.708021107999823,128.87482519811908
0,652.4048880148272,0.5327222760657402,52.5764042092116,109.58679031670795
0,664.0487070107835,0.6329176292676207,58.45483108481854,117.4944817361395
0,545.2269440319293,0.2881556141824617,34.24380672829385,58.72885246239787
1,743.1765324905449,0.7348931623102908,43.38583107693184,158.34832011802894
0,644.1088656166039,0.2024045931257183,38.42535367766578,14.026431532243919
1,696.7005705130375,0.6947981288184982,40.34648805191237,174.18490421380477
0,628.6149883161859,0.8607190683258941,50.53481626821901,186.93653285803475
1,601.8969011219617,0.1321028373015439,29.155978450115256,0.16022034511604488
1,843.6127172778429,0.6143797405419198,56.14270438357064,112.73839296369283
0,695.6737650629016,0.0950957482299346,57.53855069933682,-7.205359211994619
0,625.7518065472996,0.7257156282714269,47.48897411963088,162.69217102576067
0,614.7141556139303,0.0844932188235202,25.192914900154584,-1.0040075426286421
1,785.0799311450199,0.935939822700626,40.035813739976106,197.0699429865324
0,717.260052135101,0.1374079300378021,62.32901934102696,44.127985991180935
1,717.6699033822683,0.9588802459090804,22.220057192714275,134.4251353522726
0,671.7720325878691,0.8008841760850967,46.524765878064805,181.14458569093802
1,721.1523681751235,0.5936820044663541,38.19999221532741,118.05612400339157
0,643.281981819307,0.7826241046295469,58.04570301584837,157.98841196754654
1,782.2552408400239,0.7951148389830859,43.24886047856538,201.5458604882457
1,859.6443585771408,0.9460270628173304,54.03954020735611,163.50088946300502
0,652.1213596593014,0.2533833538391872,55.65460419169093,41.69096464422262
1,839.7205594434222,0.5900758953583092,68.3622583973002,125.94755230122689
0,626.4219251798169,0.0950491975644012,47.9705805632463,-7.250737498897138
0,679.8925029066191,0.6161657000241213,53.76044369622611,159.47079796200762
1,652.9732583058327,0.1712913040927888,35.14944520872564,9.846586342597789
1,796.8748375520627,0.5649506114724419,61.90413563293744,85.04866340522608
1,728.4293679936505,0.5724305140338497,42.39491151928635,127.45748897720364
0,637.7235989503256,0.4659851529812273,44.39245835912254,119.2655761837143
0,665.8401784455347,0.5226317755131228,49.77752205150789,131.80552804804995
0,664.9674442217528,0.7639233900065879,34.371156546601505,171.82424932281026
1,844.8946568242269,0.7992447165120666,52.28770028928938,145.78129701977707
0,708.3036866822256,0.4921532155754291,59.67466272925011,92.89780066514345
0,751.4433805507273,0.5995934415226123,52.92933823497292,130.37208987061774
0,617.8118273776736,0.9312362356901018,34.111024358212745,143.62984763900045
0,660.8250265094613,0.1197335885011228,48.76190705670341,14.450542904868485
0,693.3813193190343,0.1171035659001105,57.42028902979491,21.516640865150976
0,563.3913576933752,0.0877090119107684,31.22011234034092,2.254144935200202
1,736.0126275010115,0.6578632850405278,39.25233986182286,110.40261303327179
1,744.8328902797516,0.4186083007903795,58.7654360408152,80.65019629418975
0,677.5312823425055,0.7743214161418432,52.70095434197287,158.1652755385286
1,791.3801932588851,0.6712314133085926,54.11971582126754,149.32368034964395
1,776.6590986585761,0.3336377583282381,68.59494807623312,97.23119944846087
0,696.6802219596401,0.8983665473615358,54.68552778506203,169.3261738158144
0,695.6311624741196,0.7625321470706523,56.5788801043318,173.30826632422975
0,726.4707357253124,0.2705349409101757,77.10745527218326,39.082856359146035
0,623.4860103509386,0.364192017772054,47.86195441909509,65.79822521887718
1,723.0097550818934,0.3144399802042629,42.02117236381505,77.94092776208413
1,717.5729570997099,0.1576116486249996,54.27796398247133,49.274391591059384
0,614.9820263328054,0.1477833725421916,54.38991029388895,34.8750969946575
1,812.0294127495142,0.936127463375744,44.73284608053792,167.3418795981106
0,623.9935532738574,0.4379040371987532,39.67602980445152,78.18403145441141
1,819.3241887318152,0.3833198227774098,73.09844422090077,-19.840251644422665
1,833.0454906953095,0.7296857086773779,53.26843470388023,121.59044482456534
0,636.5486185932019,0.5529930652528999,42.67714618597924,95.26104039601012
0,695.0353350091536,0.9361399868384622,59.15930302279598,180.04900159482884
1,804.710048306383,0.7803014939093922,48.90854848438666,154.37734561669606
1,718.0719187899564,0.4793695641245403,47.471185536821686,110.8659864359197
0,659.0302544261972,0.3763594734808262,55.62272871914493,67.98483899283349
0,611.8132675522526,0.986631544924322,37.0811773176831,149.49305075760867
0,659.5384386169575,0.7177602360036435,53.52627203917172,155.74348955374592
1,841.0603890994169,0.9511946600038412,69.12954807731752,222.6219349798555
1,675.7565452614447,0.1184785772170413,54.661776621973104,42.79574531339517
1,810.5065423173271,0.8505336791907826,46.23787896216536,169.5421217683005
1,753.7605186282233,0.6370738839912076,44.92894719571758,93.31460324622662
1,654.6694226013216,0.1219216783351125,45.89660026654891,15.919237311975166
1,774.6724607765483,0.5882579999692207,47.46037321952219,130.13559089536193
0,606.2970884057928,0.6860963651054488,46.22193467241728,144.72401751307757
1,631.1086139914212,0.0123026858886028,59.16311441074566,-31.041837743493375
0,587.5586331786302,0.4543179618417465,32.667908967910165,137.77472249503046
0,698.7834336774177,0.8253995111963212,58.620000504121336,170.2928815776438
1,748.3078004991404,0.2953590253440898,46.20313474857439,92.62391653569523
1,776.4818971034135,0.4585480817985511,53.76947785695372,97.67374756562083
1,660.6052753114873,0.4423141270678932,38.73012089799136,111.1389949298258
0,682.8879148241799,0.3019273914424916,63.28631066849436,70.70579990331578
1,878.7564593407128,0.9184418955155542,62.45634960171873,221.82723830157875
0,684.11544928021,0.7812940354315159,59.59590525750073,170.6893823481887
0,620.7364933144801,0.1105884109961105,34.85245224206461,5.299464560611568
0,647.3621637381588,0.9970346578375732,58.29121071066053,199.1734529592634
1,839.9339501171426,0.8792000243077452,54.04855087635709,170.3395392821718
0,614.4515474793069,0.2839084378640389,33.94728752867432,63.08785554831377
1,841.4205230181728,0.8368965796609382,49.75702616229184,189.13729462595677
0,636.7644896726141,0.1064195318713828,53.64534489033262,38.09982817347941
0,656.3275521974075,0.9991047304742386,55.56075273823151,217.27218980746898
1,707.3402578275727,0.6656847361065369,51.77261366948856,145.72565709975743
0,640.0930834780883,0.650125015558797,52.9123141684738,74.9068401533774
1,696.5640403752882,0.0904407269841327,64.73611392253096,27.040580337838833
1,835.6001618316221,0.8970333988966253,62.2603390991068,188.43931554657672
0,568.9567158934973,0.0289995032044694,21.329450462172566,36.96449131533973
1,686.9640920017408,0.240828058041147,46.82561445162318,58.49900472459183
1,605.8884278796801,0.143021875166635,48.35348972456049,32.2610438354003
1,759.2558700356873,0.7767679406922186,32.47901427273029,173.93731549888378
1,664.6166132658782,0.1982042272128978,50.94183058232312,54.61888118376805
1,884.1610473742078,0.9106382271308852,62.487577724105066,201.67583550444158
1,710.2012346459204,0.6562690393274901,39.134321404094095,121.86955618949764
0,660.9922243166244,0.0361627104946962,53.36400938689872,30.14744370834387
1,615.1163626402517,0.0054298341287004,40.84176522703562,8.877426506526604
1,649.2672792409994,0.0516579170143989,43.28087976320323,-8.006954986999972
1,819.247762884187,0.6059251776477277,64.77393634170035,109.78383478516287
1,786.3647023178847,0.8014818108594153,44.57442179888175,156.8681305806008
0,617.7782052489913,0.2385528206273884,54.62212489010625,43.01340362418887
1,719.4289861989541,0.849408842923073,31.28781883939013,154.32900198399977
1,699.7993066997319,0.0572319401532603,68.6231756139488,-7.5973479539223945
0,667.8311768713073,0.8009638536416762,56.02652446306499,157.26276868247533
0,626.2775663045186,0.9277954301722804,48.17500157349738,177.6382215612599
1,840.4444330382569,0.7721083991043806,55.75546509999895,163.1343030972224
0,599.3287895552152,0.6981207839786372,35.9018057105219,175.50672825723905
1,824.1215842402711,0.8379802186553831,61.825307417526574,145.35595843282726
0,631.9375679454698,0.0401512995470664,46.7601522450357,8.176468753191216
0,650.6537096380436,0.2017821107190553,47.95930484951565,30.43918577201441
1,669.9816089769016,0.124923679305643,45.08344385034516,3.799075214215236
1,789.8380299160236,0.5045309901929865,44.19348597254415,78.63405001249953
1,799.8104638145186,0.7451881283288445,56.94670611628408,163.48663155760073
1,781.4752145706944,0.6300118445763987,52.55906850104223,131.91809488778847
1,852.562382599061,0.851131099761935,56.5174814140304,155.8994971091313
1,680.0760690276265,0.1552129924410908,49.91205310514429,32.10871083677148
1,797.3016683396881,0.7346210919351616,55.13199811077181,141.36714305114413
1,629.5651205657024,0.1930414908689041,45.81151256074962,46.199450959993555
1,755.7186687342561,0.2707587513178002,72.29731841409549,21.626721921857552
0,570.751015125551,0.7099046972813039,34.32069583569501,170.09328482118315
0,636.0299192731762,0.9802047848986818,62.609373235629846,192.75811289530566
1,789.4755794669254,0.6115436059770696,63.679074507209705,138.10062065809723
1,603.9225471962977,0.0545003149912955,41.47841194034406,15.482609782652958
1,857.6535986609741,0.6163089699275328,72.29273610555973,112.49963922687255
0,697.8974636107885,0.042350551580167,59.95490282945318,-21.59901737756752
1,828.8469337906245,0.8841457113668172,59.71139006822912,184.7104341731299
0,643.0338066938828,0.7095782851006207,50.28022187025877,152.93277316479748
1,622.3615046745643,0.1731278464225032,47.82773841781324,24.316843771064896
1,647.2317378481706,0.091721005824198,47.90591172960392,7.646005017802281
1,710.3920206867197,0.1835332288803189,53.905305963195175,66.41581981823992
1,912.7891608502784,0.9800271795541924,64.01186275033896,204.2571456538185
0,634.0480140851032,0.4585606424584898,51.81314217861419,106.70305610808146
0,654.2123371217069,0.784080948341408,40.88556376862709,199.5680164956991
1,756.5437226477006,0.6364083421077769,58.2442706238498,140.231250102138
1,754.6883184092575,0.5724131499586373,59.211507463947925,124.95679688038763
1,719.9556927555798,0.1451302546650497,56.54659528447786,6.04445386708187
0,722.4986040526469,0.9460244535580952,57.45498906524983,162.02599124139908
0,656.6751157407766,0.3013426325147179,47.29071869842192,79.36244215132206
0,620.9200533900623,0.5780172158075422,40.71010832869421,99.89501654076219
0,558.0986846851104,0.6997759445890661,41.3180656935922,146.60914616230218
0,540.2626908649598,0.6492331552453089,33.64536751542142,119.53984762601613
1,849.1096263923582,0.9405944096955184,52.369486115459495,185.7697484437108
1,666.4424544000785,0.148438989920058,49.16551216773407,34.43377498888219
0,603.6253133995452,0.5083527384469421,45.60012295470291,92.13887295707161
0,563.2974126945495,0.4040343907407659,20.4438117565493,121.79226746364088
0,616.0344169344093,0.4741687294826181,37.52682530305831,85.29261099324344
1,735.8012008378521,0.1192175261977446,61.20840651403167,16.854320110985896
0,634.159288488487,0.1340946098727653,43.35373999936869,20.669887302541724
1,753.2846905359881,0.2780755457812573,53.605916776568414,78.57111924795004
1,669.4601787393729,0.3047046037608313,36.09314570024743,61.14803657722655
0,689.7011146265569,0.42790321368135,64.38705482359231,87.42198662507712
1,799.8060451931009,0.6109875470366283,48.55972339945323,127.15164247495636
1,756.2738089769156,0.634629117418263,52.90040396483535,132.7526626756353
0,804.2068173544354,0.4118108965855702,73.25779791881685,81.08517972505194
0,706.7509273626843,0.4087831094286971,65.16440100589404,79.4651546426885
1,695.7536142859109,0.2176285266969619,46.93434378712942,42.594896685345816
1,765.6175233548688,0.5883062484090082,44.06779815129641,98.54105571960167
1,759.9559261778109,0.3170409113172379,46.74454988480469,82.73246592888495
1,696.284136659947,0.0360598342773637,55.09898248476536,0.5778899636560482
0,598.6915966023562,0.4184000441568604,48.94775865749129,74.93298099259641
1,775.0733222109551,0.4741326750901703,46.04755854996528,85.13613086451232
0,683.7885401379207,0.2255928682042109,64.67181250709042,41.72737240174399
0,649.7883554318446,0.5724579331221157,48.85790108222163,118.1521370670896
1,793.7644337122458,0.5657719004319209,72.99589093037319,61.96637726658071
1,808.9087736783564,0.7020021811103714,50.90742563752173,122.98693538221755
1,813.6080195649572,0.64794848220121,67.85318394224727,120.55041811163733
0,663.724671821123,0.6524330565210316,53.57319422710627,118.57127654571252
0,670.3658470366599,0.3162141518240431,59.62960573249448,61.94629118089199
1,843.4984969037346,0.7874322219859539,42.75388948482276,162.25324895682513
1,793.6839090466813,0.5491443835996794,41.46240777412588,139.43545969691172
1,751.4702127928699,0.4314181951798901,54.59705955014987,74.43219149058791
1,806.7784248032366,0.6260124809410571,59.88553242465315,109.79509715489496
0,640.0044060695284,0.3606573344502543,50.40256502000463,93.51265339366944
0,644.5883886925726,0.5127392446067582,37.13606664916303,110.09047391533863
0,599.3246529013189,0.7367056884822203,36.39741633710673,159.49868203276253
0,594.5457896950418,0.8864028867237077,35.72863597813759,186.42811634399777
0,626.3291225217674,0.9210571972951916,32.32377887060619,165.86886359836353
1,737.8621729605329,0.5036329251830992,51.09485359447088,110.7286054840796
0,682.6186666177848,0.5202751147405691,61.250439217080256,94.41821091105646
0,602.1582029469259,0.7998704107638365,49.86584213075192,168.10189868393797
1,666.2034059823998,0.3144506917442012,27.39585242662148,80.58821801691386
0,702.5031943654195,0.8373823623450686,48.09239539665451,168.348222264431
0,666.7527912850155,0.4941416465174234,48.37201003367393,111.59360278168162
1,779.9052824002359,0.1158567243352683,70.95998750225439,45.593927686443294
0,580.9027985270934,0.0720591470729437,35.42862087080444,13.897457326771814
1,813.7680425907628,0.8419932110394631,46.09322397400804,175.46763439618042
1,683.994366066631,0.0555679169068779,67.05852680544564,-14.829426212226736
0,656.6663838729562,0.2806114361336559,54.49978341346548,82.37443847242389
1,756.8917446263771,0.3341300405015458,55.63313073516424,79.20465723957739
1,691.0910405421341,0.1729944451915938,51.145844370238784,17.28336336972984
1,680.2977494420793,0.3138933698019892,53.29943538657265,94.70952660980527
1,782.4159260872406,0.7426925667250857,57.77609530278536,138.4467470015053
1,587.2170612005079,0.0146828435600707,41.90513681107234,-7.835785017303579
1,856.5200199695709,0.8271734245206864,58.780585789082,184.1596554833892
1,842.0363502780455,0.8565480235745582,36.26996983114461,161.86366920433443
0,700.7247865049525,0.3722615731915482,53.28367972831538,82.14695510018907
1,629.2052527363348,0.1536128990606348,51.78740963286327,47.94069877487698
1,794.3115670853465,0.6008404079450809,43.83706911807892,126.53929394611725
1,701.3459654236489,0.1196725558648943,49.773147246743534,42.42840250957909
0,584.9647970541707,0.3649193610782525,43.77459847334447,73.07865532878304
0,608.7529116928328,0.9584291809009724,39.28298673138256,181.4273829119137
1,871.3501246131923,0.9954644725836372,46.46385258386356,206.70652549220506
1,787.8143245378108,0.7721048913545856,38.96011364628339,139.20860879067834
0,620.4110723511579,0.3109615099207662,53.22797464093248,74.93345566145274
0,633.8196998493149,0.6876650491660925,38.499145058476365,149.93418429964174
0,607.2342928073139,0.7054063654840127,57.11977022991052,127.14416581053513
1,685.439301722149,0.3878416951636497,38.1852093207118,44.89202800881685
0,667.1498556145713,0.6408886345861594,44.33705084418994,126.05120498094482
1,633.9592532158194,0.0107276449756762,43.75396591784821,16.315817281467957
0,674.7862753673868,0.2090576586022414,63.25146728874839,31.259652032324198
0,686.5890859816683,0.5250883029672612,53.30289945616592,91.37068529784312
0,672.8905403762656,0.1637513042582958,47.88266197455606,12.466503419861624
1,737.4441475934069,0.1659068678765336,54.98719441069724,33.39063264898664
0,613.014502433501,0.8363042905502379,28.92807652670312,151.04661809302866
1,878.9738366656082,0.9891330026836056,49.568664103590926,216.04577667880358
1,843.1065676629587,0.5559694280284484,69.97514177804763,133.49650729504197
0,661.9362546655743,0.8390697308817134,51.32346506402673,147.74588304663143
1,852.786997933249,0.9903216643262726,50.67913169169336,196.5427632108715
0,659.3260598163438,0.1415958885687747,55.48128379642196,33.15824874963232
0,640.4971085076386,0.4482456132543511,58.956052433143455,93.32409951118223
0,561.41665394871,0.3925727158419199,30.025333071101404,62.30520502106481
0,591.0697710882129,0.080049283646185,33.17673518208973,20.231123496626196
1,814.6183380796061,0.7553301727947445,52.10291291086146,151.9257385185556
1,758.5338865477212,0.433779027322593,42.8512343810249,54.30111129345653
1,781.9722278684122,0.4693269341904013,63.120252622199146,40.173512014524704
1,700.7836517924213,0.1506729738132401,46.84825610114776,18.466423046056548
1,660.5288780677438,0.1809266522308681,30.65469264286882,26.478164245988296
0,605.0161785640163,0.907103622156215,37.31986083156003,148.36540518385652
0,585.3504257521882,0.0446490889742788,22.50323980369425,22.251708655716357
0,635.6703926297668,0.2328522849437062,47.65874462717088,30.647465915445764
1,742.4244190673285,0.2920593303145283,48.116158727356165,72.34942678400319
1,754.3809273348382,0.4901975424015864,45.75537290218102,100.56091395325893
0,646.6518585302415,0.5864451730147959,60.788790390297386,127.66869242059079
1,789.4593298302495,0.4932899758506666,61.98519836516694,76.44174986698636
1,711.1547790654093,0.084115334556882,48.29611576643889,20.735788922823986
1,629.255749750436,0.2436674540557135,28.65306332523144,64.40306467833841
1,850.6675752701279,0.8435883847625412,56.172815804922585,165.4010095637734
1,810.5549120831234,0.6375887004784591,55.55360228508575,147.18956202806703
1,758.0128701566252,0.6491490501342744,53.09391570156945,104.67863221748905
1,828.8062820259198,0.6702032553513549,59.81479749308116,144.81508639557148
0,573.24010254513,0.7629030190395291,38.3517190353896,163.87686694025058
1,703.1156347378018,0.0581084817214473,70.08755386185139,57.81444244430668
0,653.4888564305696,0.3666083849326124,40.40572246858132,64.15375303056214
1,791.084863577612,0.5395274352616787,57.492229272008544,79.01701972739852
0,590.2452349352037,0.338456483297326,33.126523055866485,66.9034031703527
0,635.4858900192542,0.8444788732871865,40.69735312729949,183.81348840668068
0,693.6882919691062,0.4825725085872939,65.16368646725336,76.43700041707132
0,642.5503603805296,0.7686275894593791,47.391001769991504,165.0007180001587
0,694.902233955588,0.852015516881169,58.39922605132798,172.6895255055581
0,635.2876294418033,0.5047914829034981,52.36955388719246,86.77784852439345
0,648.0613474866356,0.90955224387135,48.95041843999827,183.9908497349735
0,681.5474639097811,0.5871239405369806,63.638503249326895,140.10428299160935
1,765.3869937891797,0.8502742988337217,47.633411753481,168.58605801801127
1,637.0823432039217,0.3405907955915243,32.19261892436529,38.48770095582108
1,772.7123823596609,0.4988169585314852,41.96759908048295,116.30499738110234
0,678.0774512986078,0.5314110410045777,55.51191728701694,91.78067587065448
0,622.1576241488336,0.1049797158960705,53.95509106362508,35.37934418385737
1,636.4881225577927,0.3985525067015406,34.32941749764562,51.798275731478725
0,624.9048074144365,0.917337672551676,42.75657480591799,171.9598844690305
0,679.3839555192271,0.6308322403647424,44.18278650797753,122.15794625651824
1,668.9344846198362,0.1775065824369674,46.34530405885775,20.440941925168886
1,715.703706065995,0.3388556356096049,36.240864113984486,62.188270578190554
0,641.7067898809753,0.1916030096626998,43.71628891880521,35.228351533627915
1,647.2438255373055,0.0248231317985725,42.71389514740473,-14.764934672477807
0,633.0743825137205,0.9274604585040268,57.7153325976192,162.84506729470206
1,792.0407926335743,0.4482073282568715,58.09121310990244,103.72218709915137
0,635.5777251391272,0.3075350724207861,48.54189541911184,73.7508973194241
0,664.1315797322053,0.5984771915577366,46.07960204129269,106.43867982236748
1,631.2355211601931,0.0073144562930156,51.399243120391134,24.087695069699862
0,630.8142272016302,0.2780221066008138,41.83424892544425,58.94963327915764
1,766.7618192928842,0.7030334656988926,38.53167917832559,120.89188141475961
0,617.1723642349525,0.633769773069263,40.59778791074283,85.32163029555227
1,839.453150381948,0.9818059475425356,43.65186836028544,218.08246345685086
1,731.1754156820655,0.620357709658044,38.36526200207729,135.11715817490835
0,635.3899941806479,0.4775058736277328,51.620595590628746,97.98785745846885
1,872.3424843341317,0.7614325631840076,57.297156737837085,169.9010486432287
0,633.855636966896,0.9033278719640532,34.12901699201758,153.014500002143
0,627.9279189850357,0.7206959467183516,50.251287112160334,140.74958254543128
0,660.4552553098482,0.9632112235493796,47.800642047336645,209.5556488138419
1,794.365929072705,0.7820051707381772,53.41508685536803,161.15859352398581
1,787.431585299408,0.8668014382619265,49.87061231896412,172.7857055954231
1,660.2271190807478,0.1141040711836371,35.464007200683696,27.492371635569498
1,707.4880328636204,0.7324135029937877,37.376107011428346,192.4503746014168
1,766.7061245803192,0.4400886995273686,50.294235755849726,102.59856281514533
0,673.2817582151736,0.5531038024112752,60.28780919745509,133.63136056758322
1,708.0484626727655,0.6541024094823568,27.85812628956997,140.11420140242637
1,866.62735732386,0.9698151167055694,53.4572657980158,181.68007303707657
0,703.1246245184569,0.9845780814316246,61.89622005287643,247.39557756602915
1,678.2645775065274,0.2882282454879052,48.46974123793787,77.3228810495724
0,688.0378431432952,0.7337534974379162,55.50202496026441,148.4899189815635
0,632.3090437138227,0.7499835379352686,42.96930919102198,160.77091267741127
0,608.7373702356525,0.3464928613130488,48.80633800723123,56.647931409740636
0,596.2763599433633,0.123869774864221,33.790864816918486,2.516000107900595
0,621.1080712142016,0.0409469602857197,26.55656691581126,-1.8109499995551914
1,884.0494434899648,0.7773431275291786,59.42765801225275,151.1271419858641
1,739.9105542599083,0.4896997418169059,40.15005072275558,110.2194698425119
1,797.7318939038312,0.9855401694949262,45.44472154996569,194.51157732715194
0,623.124939475571,0.464973456193653,36.13557746729807,133.46211020385965
0,633.2267360232595,0.9779169790738402,35.900302969161245,200.6704607702925
0,666.5561084967233,0.4115760021940599,48.26162299905384,101.70903009555161
1,810.3977429485626,0.7936821505599726,42.70422805864354,161.01848299527285
0,672.2370223172669,0.084819272311832,53.779709979946986,42.13703067109691
1,772.4961244320243,0.5554617101377639,54.52538418979592,99.97087772805912
1,801.7864219097626,0.8020597869857242,53.20849646324607,147.8738820881415
1,785.1602916167861,0.9247016672198888,52.38600790928444,185.42479783537556
1,872.0389172728434,0.8225830906174316,65.77768204931886,155.19631877330426
0,623.553772238219,0.0369707272011742,39.32406230955114,3.357561802334317
1,739.6196975600038,0.3727023413067342,49.450651337970825,84.91798507154704
1,653.5940782795711,0.0486984723138512,61.32689820519589,33.536016053724666
1,729.1431531825044,0.109282291114558,62.645398093380365,33.99533721825958
1,804.0445690917829,0.6753056286674841,35.78236350655427,148.94538988695194
1,785.6344799360008,0.7132581963116982,46.8764455834413,151.86983696281573
1,843.6378098501469,0.7737206827516263,63.58121095867261,168.31337704165105
0,674.512443838543,0.8654565480556629,55.08079105199065,171.08238699620767
1,864.7142953810053,0.7394314684765099,51.95263031479773,153.33460901807848
1,772.93434476729,0.8008715921066321,47.82315306565343,146.87405548667004
0,644.5821802305848,0.0489637098232792,46.16199074292255,30.840069752838758
1,681.5638793120402,0.2345351504412985,52.88219063090324,13.453799873988487
0,626.0186346251156,0.6218977733752458,47.47625875015517,133.11506423641538
1,818.8599930571731,0.8581253046248232,49.57421378955556,186.68117289135284
0,692.777658431858,0.0045001249396591,50.78598706115037,15.814336805360881
0,683.6875721658571,0.5146293421163498,43.21928471506501,127.40709654337547
1,814.8656254281238,0.6772873993643972,55.32129373881438,145.37355234711708
0,726.129497761758,0.0296072891286132,79.14244648415419,-44.27641421745227
0,671.4725668193732,0.4013555575533879,32.230133606739244,40.10327275623524
0,646.8937412858137,0.8956348813836968,53.2401252418998,170.34819486450647
0,610.0602199106407,0.6716128088558587,42.39809911381094,148.87023643205987
1,661.6054586603352,0.2376583633605973,55.7740257751925,52.2138446545971
1,863.8356972035606,0.8527811296319127,50.46557473327861,163.88364675404569
0,701.9030109924128,0.3480314234095143,57.61854774042463,64.21287919649922
1,928.4682976075684,0.8533446711440594,61.75506576508779,152.75444943520267
0,614.0869329665016,0.2989436511189055,51.92421117768181,88.94602860976477
1,845.7707430534283,0.590320250883149,61.32052288414178,117.7146558914236
0,581.7751287373235,0.3969400677478341,26.557021062113225,61.87370765081164
0,721.8965754414847,0.274825050755067,65.90452297916023,26.978573516940173
0,611.818550323636,0.8865575621718692,53.7506215189234,150.19967707742398
1,763.8964917402127,0.1875936819394913,60.77843355745182,40.90881772567059
1,653.961548441862,0.0848115912357631,37.80124255158479,25.996710760196038
0,623.9096025082533,0.3419269385456603,41.69230118394664,93.26496746005978
1,817.2593589824904,0.7176391476415676,51.45938294144774,150.5155486031431
1,788.010325483865,0.8074316059762817,49.82962110662537,174.93641966177324
0,641.1088550728487,0.9987433700667648,52.83068588009989,224.08882160349378
1,727.90452782137,0.2963620570111649,60.84515160929966,71.64066390053392
1,623.0499449164627,0.4079419511312822,32.347796846971505,74.31011908640903
0,705.0673269776203,0.1368212780296263,59.73819071717309,26.90896944038866
1,800.9706516488214,0.5748719296230336,50.08281909957927,115.91984104315293
0,622.8462196733483,0.9975800372629172,47.96218138875452,226.4712224213597
1,756.4888354709296,0.7008810101206585,35.2888476561511,140.89760644398666
0,657.1252458124288,0.5952128404133717,55.03048668376865,134.48925156443283
1,665.8988019158586,0.392369092921794,25.858921489689628,75.9946796245016
0,650.6245031008306,0.9152987602855548,56.48394011238712,169.80153036402805
1,678.117389479251,0.4969165961303494,35.07894164527008,89.39750849781728
1,710.0393666218488,0.1343669133130615,50.53457912617474,20.209372570369396
0,644.5088173264276,0.3653784631991335,48.8083116267208,78.05603690875932
1,759.1827467139742,0.0671666688477669,61.695381472938834,48.65356059158478
1,686.4254514111639,0.2019790376887815,48.2134483098611,30.43918577201441
1,604.9272581550978,0.0176687809999122,43.05861438854335,19.775872168622072
0,671.6101454139421,0.4532799165001634,44.93397304028797,96.30216483373226
1,834.01854097738,0.6345402649517972,62.72882768754664,118.09521399347943
0,687.8950949863196,0.3432924623789077,55.362969691808935,78.90438952339673
0,674.1491209203427,0.4203817715052771,46.14370018476839,90.08052241913526
1,815.1645731546059,0.959209272844576,47.63553580035487,208.75021222656483
1,749.559712327861,0.7519631215749155,34.32822909414553,174.67736869107694
1,764.6820584699027,0.5408566369449512,53.88474200851541,126.44664326116151
0,558.4831326616675,0.2845408751118252,32.40184292304534,61.133712121106896
1,844.0455492249152,0.8969967987729952,57.51796465835456,167.23919171031366
1,740.9694548871746,0.2350971168806594,51.28621592491266,32.281543968129995
0,728.728697101033,0.325342730516677,73.86951799573922,66.52376513305296
1,758.4270564375108,0.9090648144229484,38.99864446275694,186.62784070971975
0,600.244954918833,0.5295420552850724,48.97337908959367,104.3554718942089
0,753.89191279014,0.7423179494179767,67.98287700923063,152.42096870050057
1,801.1810777338418,0.5907447941637661,61.91389640291415,110.80152987328688
1,740.3791740834536,0.6534392090094951,43.037879484201,130.31423390649627
0,648.4992699042933,0.2993832915148255,52.23967428373448,84.73438437418008
0,605.7407480629327,0.2413720616266629,50.01999356415087,47.38615619809411
0,701.1515305071732,0.3224923471686652,52.81955867394157,100.2241815802704
1,648.3363116095587,0.1554415640834224,43.0131956401517,31.73136493972288
0,688.3424337511307,0.8743143652908074,49.10679597299266,166.74590642783994
1,660.2573668251408,0.2832469332501141,34.01947624723286,56.66981006996264
1,809.2375416759726,0.5614893944143846,51.35123451868082,120.24330222629533
0,671.2014551739476,0.7919744251413741,54.50020673421832,152.45767511474003
1,825.5392193818984,0.7838241093757136,47.72580587356116,146.71446195013687
1,710.798516381945,0.4383862585841929,33.84949109415212,74.08222224189672
1,793.6061495904481,0.4762573085867256,59.88531862851463,93.28367146283097
0,671.3737854552654,0.9947017489350248,53.64525037992802,193.6671993181003
0,621.2340255855031,0.6745974769790241,42.73984902299023,161.2035972759195
0,699.0450273420439,0.8146384431178827,47.19399553161936,172.9629569236863
1,758.2826022075143,0.902553969219232,34.993305972181616,132.64751078106497
1,776.8848926828255,0.7875898362293392,39.74589872222096,181.8884951241197
0,634.3122358655137,0.1851793449535675,44.621886536428605,55.857511398263455
0,698.9258469687102,0.5621707337375722,62.28420812280152,101.66792538176719
1,638.3095503594498,0.1018941573145448,43.60496609112524,8.942746141517546
0,678.6487989475504,0.6529221265639984,56.40213659328759,133.41336948632295
0,628.7852363580636,0.955349428187811,44.6168379713842,209.78885336592214
1,712.5262641624415,0.5127320643001113,52.47947560851875,103.25430072599158
0,646.0447035233913,0.4329724928677672,48.58604497856198,74.0585393601051
0,643.1747380118777,0.0358427514181631,58.73056600092743,1.4561575826550097
0,581.9240869799762,0.9597745223292204,44.65188661781442,185.05223001540833
0,606.9303521206083,0.1030026841301587,34.274717499975594,23.04937426634433
1,631.3938479806475,0.0410790933048469,36.18050968636368,-2.793616124520099
1,699.0579387458422,0.2460666115049384,44.68122506057242,44.9691777557847
1,642.6494088739257,0.0655304339183824,37.50940029321947,13.073760414454227
0,604.3286898421683,0.4551178424117623,54.10212015679552,97.66578781749331
1,698.414007468456,0.5160878012571124,45.34231835141922,101.02328885301336
0,780.443839605203,0.3125699490285839,73.74606550026431,28.502029075414043
1,576.6443958585522,0.050960482574886,32.62285404862868,-12.373343736380548
0,674.4342262953948,0.1116003682492267,52.036331787098014,22.858436451490547
1,672.4541562428402,0.3845043779899281,38.72046976494331,42.01632824316607
0,637.5881419665467,0.0605284508265361,45.06598659617322,29.165633138739736
0,635.2449581320085,0.6981897256099134,51.414194733405445,151.1015584040357
0,597.0850933923607,0.2070205415248119,26.74628625125713,40.39594169270788
0,661.2080070231418,0.3020715687836385,52.36826116788028,90.88501634341355
0,693.638530658898,0.3941257771780975,69.02907462274167,78.46772296104791
1,688.2136140723504,0.4166096330691479,45.46561701631407,58.79440518844365
1,666.1596031639008,0.0016607076748005,52.59807856805509,40.43691791041772
0,644.3660868224842,0.1120703709986975,60.249216931254,24.662126781486904
1,830.4587390109908,0.8627645637408781,48.360464999730034,171.09000408329132
1,711.6123541175441,0.0012330625119081,44.190398114685166,36.029418511185895
1,723.8664805887828,0.5081673558128751,27.24263596278248,108.35349392509806
1,788.6805594901157,0.4895020065072081,56.409907193949735,85.78161873472015
1,710.6555609780262,0.3330941610106378,48.86831590271103,85.34489561523117
1,647.7223096775393,0.4313270201464496,39.873161486118384,90.59545232233893
1,770.2455369366421,0.7805811375265843,51.26596710277693,161.62070685328615
1,839.2141162218871,0.8412037062149564,44.16319643193819,170.27637750141196
0,610.4545336627908,0.26034854341525,44.715738688844745,44.54517811224184
0,647.2111717383399,0.3224904409677298,56.06291156108709,75.97695425776033
0,604.8790133897639,0.2424828530283327,36.61617588676155,72.25349691093015
1,745.5307509270291,0.4798634005510651,60.47315286073759,90.69989841664471
0,571.2663530698987,0.6832583576588129,36.023138368815964,198.3663421289624
1,674.2553106585837,0.2282528754634205,43.37298591644736,49.97924038684732
1,747.0896505928097,0.3307357420548666,69.22946194066577,98.07715443531049
1,847.6670089737358,0.9303846175891504,61.273547616424224,180.38169161034955
0,629.492388990453,0.048569289846958,50.9760399249544,0.06435241815336212
1,729.6088209979108,0.4607696052395662,40.59469784498784,107.58907485331326
1,769.469668403498,0.7115580415967778,44.70727693300107,151.53452325397325
0,646.8411004007553,0.150454011557474,50.73275314585696,24.08842596091381
1,678.5088778905508,0.0473740200054818,50.375232323395984,5.527913376663605
0,643.0126838642329,0.1382053716385307,49.09129070374037,11.547290344960743
1,824.4920502298958,0.9188231935306828,49.69167485915816,192.00116967329598
1,659.5342137401764,0.0092597818211234,47.856248902948856,18.671019691172432
0,626.7865732375285,0.1883219748113518,35.58021264359987,39.84207321172835
0,630.092472749917,0.0312835129016445,44.83489257839168,6.6034352859611545
0,679.856954888221,0.1106294675622032,59.14624053986847,12.489169745958634
0,585.4962641814667,0.6201492866282963,36.316657024488826,105.58316593964003
1,666.820625106703,0.2416389087390857,48.10444488460721,38.92817953970257
0,648.481807195879,0.5692120504306768,41.80246071229156,134.62096771632173
0,666.688774758282,0.5901953827661262,51.11350429398112,127.8563906326657
1,821.8870243384486,0.849435333089779,46.11366818933182,144.48452150126025
1,703.6957189933805,0.0047413929118739,64.77393664974669,-53.225328784050475
1,837.2574847686295,0.8533694593423667,55.06583154190254,150.4200364455197
1,755.3620790367615,0.619119086426974,36.881968342227886,105.58316593964003
0,698.1901031790944,0.1627434861049576,56.71228011613699,44.56010555872945
1,808.6847620949144,0.772937388135284,42.25348143737937,175.40665552832206
0,629.6667713802943,0.8554915417905857,44.23003628622467,156.4378131999364
1,751.8770492513103,0.2542634837541573,53.13819020107122,51.41540615535121
1,825.8601340406018,0.9187936809026808,45.082525802698655,161.42456334298151
1,786.6484463263942,0.4544574302986578,58.92855816322955,97.79029397890088
1,755.9122257463089,0.6034244543333215,42.25489938486604,125.82358990608668
1,835.7717113703129,0.9846495336176436,43.81053447408637,197.21379335695894
0,608.2363134860472,0.3615360786391993,43.43629106451891,68.95655261317927
1,816.7032318637162,0.8131593458201128,44.34361251644961,161.29508011344046
1,832.0144020793554,0.3183991178284596,60.99191555547813,71.80126038767037
1,817.4627410129049,0.799213522241491,56.28796293610303,167.19263655317923
0,703.4281600831106,0.6007339188626425,67.09943954012071,108.227581817486
0,704.6431681865598,0.2163556952254014,72.67644203899255,-16.732015135367305
1,687.243110753019,0.4140260937892364,39.6928296806766,96.33428462781433
0,698.4460581633788,0.3176356343635617,50.70419127327289,91.73302490777428
0,594.5248599688731,0.0781083930803638,38.23799683356568,21.856061839833615
0,612.4494079665612,0.0298347700996974,42.22394072251733,-1.1330037608480552
1,652.7684710618271,0.3464786554071809,43.69917489744331,91.69040340656625
0,595.5570020395843,0.0190341478174865,39.42845125861726,3.4506744208531472
0,567.1913850244472,0.165487757581775,39.481127271015865,16.759766649423
0,664.6256096207502,0.7251833208508688,48.55715621479745,153.75858469654975
1,839.1076112402448,0.7080912356835879,37.832815816135934,149.03031582580752
1,811.9795222560898,0.7385803864573827,58.42126959137633,133.30994092936442
0,572.4646558877674,0.3171531711299787,40.82246462582486,97.00188490894709
0,761.2870590357838,0.8900194571176955,78.09568970096393,180.5498521212952
1,733.4168273088529,0.5938305480284476,45.48615549035605,105.3594573204607
0,691.1409371741178,0.1260263417466265,50.72017641917052,43.43117429775032
1,631.4226253234275,0.1437186614555341,37.04658815533965,-15.225270589793126
0,682.2282820713457,0.6930954269297015,67.06091758127639,132.46574743831366
1,712.8350810401324,0.172943936442078,61.19500680802916,18.481087595559643
0,681.640778950169,0.5072927015820433,52.969158707361125,85.98625128221977
1,801.1281997996855,0.9917744759287108,36.53197451220434,200.13804820174698
0,641.4182652479274,0.0040076047333394,52.106668777246206,-15.051201939831685
1,613.7080809096275,0.0165798018975569,38.78568953982745,-33.13706871604279
1,854.3319187552756,0.9930845819305064,64.62355263473361,210.88722154007587
1,803.1145568512477,0.5846388341341655,58.09194731853172,124.09652538639182
0,599.2613733392848,0.1269099755185131,50.95439038487736,7.774787125368903
0,563.5850864716149,0.8973021997540936,25.636243367526777,112.64276267096136
1,819.3551369306899,0.8803803001276922,40.165840213409695,190.51082644560847
1,786.9643650582528,0.5362004131113752,56.87761131599872,77.17648045514943
0,704.0961279412863,0.6217920298607565,62.12883691723156,121.78180374020087
0,681.3237241631997,0.2731871915008763,61.091698114921314,103.54939694932591
0,637.3319953623219,0.0505196963720051,34.079869977585446,8.691429717869937
1,805.7010668856537,0.5945676088908644,53.01552306812904,85.29788728532355
1,752.8007252624707,0.294755193202763,60.155152164829296,67.5215782459336
1,760.8005156840094,0.6636210466603519,33.41664434417755,142.16246515547334
1,839.5246065394305,0.8362451768426012,49.920954846267634,181.52923265216452
0,645.031366548847,0.018160543914364,52.73842398308456,-20.385720219028713
0,600.6600951038579,0.5957137746857274,46.99235415153265,138.19193840774722
0,607.0460081132427,0.2312805396868522,31.478381445987985,35.57202483422418
1,831.3894332034913,0.8738884979038014,46.74301889926272,156.02778918777517
0,672.8949968265063,0.2536645065618285,46.72694569744976,63.97248569992814
0,617.4681896122086,0.6107701332354183,48.519275954522456,126.51975284154025
0,605.9029254589329,0.5535408400896115,44.3652857457493,99.84644179349345
0,650.5066433919891,0.3961665000592489,45.569878467585326,90.67723491909226
1,782.1979545839569,0.6776207635997941,49.60293717653022,159.6812597379395
0,606.7007898319574,0.7257696347154339,54.42454604969711,138.93271906209634
0,652.1204420269257,0.5669377953193868,46.95573237143333,121.9861964112996
1,733.8222921362421,0.7584222371847541,45.90351071631998,143.151060282279
0,624.4129245914324,0.9834170759929376,50.92354038254458,216.47449189333997
0,632.9229634089478,0.4192723879008051,30.790840741048186,97.31862400293448
0,719.0574243510072,0.5145830518855309,54.77035127226458,101.9993998083595
1,616.0073916203951,0.0124698779412132,49.994369028770414,15.246400173955521
0,641.309059675546,0.7960285563103784,50.39693526597562,166.57573758404135
1,784.1467183293938,0.5202300670459938,59.60734307594464,100.82956641359544
1,726.4446279981128,0.4079614303605652,30.47184469951752,51.75789730946076
1,594.8133080873782,0.0940719630893958,30.261661301410363,9.581500301295364
0,643.9075946687072,0.8896564216753973,52.7380384532352,164.03230467438198
1,775.2497091081417,0.3950072400405564,49.928831448714845,83.43743402163295
0,643.8616337142101,0.6825815982092204,51.70176943191933,154.19576046675184
0,657.8022390138203,0.1493741563681507,45.37872924827555,24.439376397111687
1,817.9262471820316,0.9615496295410324,56.64353674239931,213.1299971227911
0,672.8421829669638,0.1784417618218309,59.3263884299112,19.20110567804909
0,614.7315636687538,0.1995419928994903,54.83982293951527,27.705967347679575
0,610.5121328191914,0.8589828605577138,47.39171541595417,155.06848014692582
0,611.9453590261359,0.9125827441419312,28.92310612385597,134.57141736507117
0,671.5799245085125,0.2121474075233014,57.69236208037128,25.201464769375548
1,771.0388654049042,0.4698008881748279,62.21728666217593,37.73204832586089
1,793.5732445526579,0.7334949045628298,56.4455841198398,149.94159646171306
0,616.9910449817363,0.8783657338108016,41.203575726324935,195.79551861245443
1,755.0577658305147,0.3790526950373052,56.73794393667758,67.47862123685752
0,705.3033774326963,0.5170194868494292,58.60529707961445,84.00855792194022
0,618.0100869110686,0.7417164105197349,65.58816247799086,93.20769814088737
0,598.7638670452769,0.7311359766527954,41.23890075772042,174.6152637672617
0,647.9792497293461,0.7829601300260849,47.73545415455862,157.67811519220743
0,669.4522680554351,0.5699338186415264,57.47272051143455,98.07905251154637
0,663.8235894189464,0.1046150968047752,50.57410071438158,36.91618093839611
0,624.5063805222584,0.90397329087804,38.826723979487255,147.54971972637782
1,826.4069605252046,0.8655725393210282,54.14616285026703,145.89157319750154
0,651.5542531348397,0.798097435818333,55.78661633815167,153.97030254151957
0,645.2738421978651,0.0998624771607294,50.87962896331002,14.519365082505033
0,691.0498183100806,0.2043973670814292,52.19584927179944,31.584427112077606
1,768.9986579837871,0.7436003651076519,47.4129409831427,155.53081486823828
0,692.4641663771631,0.0231400945819464,64.7827893571606,-35.91697515864314
1,824.3244276500282,0.9792246337072796,40.99307816287323,188.4091911608457
0,679.1909050133204,0.3771446803556807,44.12679237236221,92.00539489371329
0,641.3203176587364,0.7193125336908236,50.10985513527525,143.27380689589825
1,882.6470382089642,0.8875710884880433,58.789540277008925,194.64339624752733
0,642.0381869951145,0.3946298881500822,35.026268299054635,27.915553041799967
0,608.7784695573174,0.319132488599666,36.89703250234561,97.4675382901878
0,582.5465753956556,0.6087411288982467,29.622714922652825,131.13009098968723
1,757.3071213457617,0.5809893737480507,50.32695225253271,143.73208236846392
1,690.6041269814856,0.4091399776247971,38.81694182793456,64.52540060529407
1,784.4456436903091,0.6017747558677085,46.15449889982083,117.68459468442245
1,863.8479189277157,0.9353813695664948,56.61378189891708,165.79043754374516
0,637.8124096516107,0.4676402566265965,43.584572792171535,128.64028947202632
1,662.5301915210322,0.1967421807506313,52.31282022743365,47.12914698307816
0,611.9951604461913,0.3772059828830039,47.00662092248278,65.22019638810389
1,813.2882307148262,0.3941069825931186,56.721143150964366,68.22723309908258
0,658.9190702617796,0.1311086930262198,54.75128067348009,11.41005688954283
0,605.998829247411,0.1628715005545549,43.0806630382539,20.64614021512091
1,824.7858370444008,0.6845620733936773,48.31348246599548,150.204665406853
0,689.7665583921215,0.3394777542089027,60.43743397720495,82.2011876702785
1,870.12563198472,0.9548983918558076,53.93376870254097,211.7280605722134
0,603.94972600902,0.2435967453586074,36.030379422488686,49.19631520291898
1,679.8932501388017,0.0989245051048223,56.55618061171383,7.130923470141738
1,763.0750027520457,0.7535045630002579,39.15389377563762,151.6981281823803
0,650.8932469898714,0.88103605191787,64.12513069961005,167.03831081665032
1,733.7078142869314,0.2781133568714878,60.24098839841025,84.96381483387745
1,707.9951769179261,0.2020881016454779,52.898854759184005,44.15123064323643
1,747.3841092926159,0.1857661348710871,51.572328434361935,31.938571096994337
0,646.3090042693339,0.5220123013665123,47.9096774397258,115.63366092806848
1,694.013735525046,0.4684166412467709,56.78523951400028,110.83301583239893
1,687.9450599035064,0.2594398398545342,46.292218305379386,62.68282265315963
0,739.2522201124459,0.0451731169894263,52.35569870639894,19.145641485239935
0,702.1490180451348,0.4814913403262807,58.71934366519452,96.73470932175996
0,608.8191353799747,0.9593323476356084,44.3819345647441,203.6513917066934
1,779.7512533837285,0.6525192007526632,43.83807260009306,129.05592991519052
0,591.908632831574,0.4955065566286184,38.05634519275541,93.26937885034147
1,599.5900068357324,0.1106920740296161,39.35527253873828,8.734747851788256
1,635.1843178696502,0.2524362905495872,31.716046885584976,52.31743437527746
0,674.6406568476317,0.2947739495745427,57.298287890155294,61.93257598008722
0,648.1027711894812,0.7648035526072343,68.0891454208277,158.7452080529498
1,833.627249040874,0.8767107972646193,64.25328943470305,173.2137788314942
0,601.5275322366751,0.9016418535664384,33.73915511373484,171.78866263909595
1,856.4141665171682,0.984568608250754,57.248546715562,206.09570078614524
1,900.9808652529958,0.9823666831045323,64.22106349923557,230.09546580553956
1,790.4554773121795,0.9529991327679814,45.43190019261336,187.6548597460354
0,674.4668353761006,0.0718221405028843,51.014474306500496,57.22777860243514
1,581.809142749615,0.1377935359278052,29.921069491953297,23.342117619708915
1,768.1774193926346,0.3044665264760329,52.667361679766415,85.632087396379
0,566.6204595856091,0.5528982540644615,39.36440270565282,118.41112460700265
1,642.6080001669388,0.0969778887054793,51.99635017911515,8.478565236688155
1,784.8444279857171,0.8457969578021425,34.3879707781112,166.54605127487991
1,839.5639800947188,0.6167561790773091,55.42858224477596,147.0656710485962
0,690.1866713462858,0.542364402302205,60.2451267542669,107.73321133441539
0,643.3903417540167,0.1653113233672911,42.16820138284832,30.67869565825447
0,616.4184296078787,0.2532554744001973,38.63077418589565,8.010429916239673
0,554.5273551000448,0.160312024982258,28.43976957450019,-0.7131258565184453
0,627.3034435305633,0.8519331577947986,47.33586465924823,135.53674640106306
1,713.0404623843572,0.5842278600612182,44.18406065718395,78.58967155640153
0,565.1081185962522,0.7351294275196334,34.489805876519455,117.44327530947146
1,734.8496028509627,0.2960328629100257,54.530187563121714,78.63460627781546
0,602.8055490814216,0.3712526370882771,45.50029618135351,61.86600560323541
0,627.3145414423439,0.4048549644265338,39.24264041354768,48.39607755118925
0,594.3081452641537,0.7600149717440349,44.45427594359553,184.49841004596612
0,691.0306267713911,0.7723529876745681,60.71304538929616,176.1169582267746
1,694.7903367465741,0.2068135275140317,56.02936943755222,41.784863254070046
1,876.6054555121843,0.941538856738099,48.6997393850151,185.07611469558492
1,702.4157849100548,0.1206553374436864,56.191050184648525,12.423186701295094
0,652.246128098222,0.8961220824236303,38.39088043613261,176.6915114370854
1,648.380830659017,0.1003956456498093,50.32370100727031,29.550617659264844
0,656.1039701219191,0.2645398111513111,51.4732233048647,42.70929804172226
1,775.7679972151413,0.846478536067957,45.301634915012734,145.4706170232339
1,686.5540072656074,0.1794920723460874,54.35458335957418,49.10299517658348
0,618.7238696783277,0.4135679313099698,42.195665453555485,100.88378420116612
0,643.5188746126694,0.4498592999441262,55.09820707776118,112.82234490253938
0,630.0906773805679,0.2452589730232096,55.51858771531292,41.69096464422262
0,520.0796838695084,0.7102452013359866,20.828401193029336,178.72787944589834
1,785.7836575145224,0.8513346494022038,61.90305703510118,150.33860224293483
1,701.795657105428,0.8745751398555718,19.52367434647246,193.5820457460551
1,718.2077752807838,0.3393221457365609,43.83950974443874,106.14102022458178
0,632.8054850673342,0.5308503942878144,60.25348034257755,104.72107933482437
1,649.118993627958,0.2484064038656515,46.8271327474756,58.49900472459183
0,659.7413776629012,0.2447965015501454,35.33814017530458,57.20718580629068
1,630.3438192234371,0.1612540628519241,39.06262938283329,6.335624801436211
0,690.4385526645636,0.9400190108075148,60.2690574632062,189.5553880037612
0,611.6243784785557,0.8879888286055799,30.78495469451362,163.44002252898656
1,859.2172595878374,0.7773587133276922,61.28991100962017,140.22992445191255
0,602.6775101104895,0.517661521287729,49.44897900957711,102.94167145816687
0,607.2963496897422,0.4906079155118719,38.07604669557566,98.3153144352309
1,689.9088629818672,0.529745666182498,44.16884927697309,127.77365630886516
0,692.8728055342605,0.5365680135770893,39.82775658898359,106.72879402902015
1,715.053115044826,0.4345630846976903,58.66225200858528,74.51188063688141
1,666.888594305204,0.1317548328920674,57.32427809762838,19.15847168456139
1,592.3399109121806,0.1256638528685359,32.80838866123953,9.114978227335655
1,783.4423653118702,0.9522497158456832,45.96407881480666,162.90895972572582
1,761.0883993396382,0.4820307595863505,41.36814337655723,126.82639791488964
1,952.1198410673238,0.953205524905189,62.9350996845937,166.34425863507204
1,627.9399284188509,0.1635768777101099,36.49900881873579,31.17063474481529
1,769.3974891432049,0.5544165520399336,66.04229104685014,114.32426103800401
0,581.8933928527113,0.2077172533515392,49.66705260483062,41.23198887882154
0,607.8187062529344,0.2531846061266015,38.380655936199126,24.507776848497656
1,626.201727537114,0.0300545787611787,43.22725815990722,22.8631325831235
0,606.4125509861422,0.1189533107402113,41.98381159231549,4.383944627616643
0,618.4027055588217,0.9168484076291956,37.253815979844944,175.08869165025715
0,664.7000000763759,0.3215329914823317,50.94826859730376,81.97319678099768
1,744.4808736003001,0.6081292119145916,37.720844493081565,126.0639193773851
0,575.1052675787997,0.465014131989273,28.196337912618112,133.67014170136736
1,685.6513000363826,0.4004512452452783,46.20323529151827,85.18148748759654
1,722.2665253108786,0.5318860913460681,31.971438035821173,138.66952064118243
1,665.2583756636885,0.1872389446153415,42.4783913193248,32.11288185944454
0,649.3776390869389,0.9886038985195764,40.908971113966444,214.4621445715395
1,811.2273580641651,0.818307868703863,41.28783927974186,210.57367841964242
1,815.6989575225942,0.7416146327315153,70.00963101590153,167.39192185206446
0,608.665680791359,0.4687592970139524,50.56411567169571,87.82604703966683
1,665.2703331329113,0.1528771221263359,52.45371008995332,28.069046414707145
0,565.0200888610111,0.9206658582735678,32.23601703657705,115.998301583939
1,721.3160727465208,0.3413870673817276,43.46036866363078,61.78379742795869
0,666.9983691778829,0.0501066896969337,52.15302629941512,-35.38559102378417
1,720.7203877882949,0.3424036768106286,39.754710870869935,61.91808753932435
1,848.0278959270439,0.7944570304958843,59.080628435179854,143.94957220538993
0,620.1785898791702,0.6227087449882082,37.9730341409897,138.03581786339964
1,827.5686262833418,0.7508385847448596,47.136338641348246,143.77007387537458
0,646.5102709927847,0.7936353838623774,44.13948360024441,180.17684172179816
1,699.3635709006975,0.2119546110805426,51.64320659381916,28.689472845743126
1,859.9555520808939,0.9237833160931802,43.59509928144574,172.67712904753967
0,645.3286176824556,0.4379896029203726,47.29106372929063,89.91685032438568
0,633.7858790991228,0.6390136492641646,47.63869908222014,118.05042253941895
1,603.2954240322798,0.002308772586742,42.65612242608699,-7.567138972152634
0,685.6435798262758,0.993368498411178,54.850938684971126,201.41385500978993
1,750.4424446932279,0.2808963859641551,52.38388374837425,47.802764881595294
