treatment,price,income,school_dist,_match_group
1,212544.3582937221,45256.361114846266,2.2625396576219203,treated
1,198264.16837361452,49747.98263743567,4.213273108590981,treated
1,245696.87432044884,63190.96962294243,2.3989925137757666,treated
1,231751.9715346496,61666.87903143423,4.8902287289399,treated
1,275654.488181446,63176.75451960909,0.453508830449843,treated
1,227233.782548836,47682.05776896797,1.2941781861869983,treated
1,249305.55403922423,58147.31402457792,1.776089170605999,treated
1,251091.21959260272,54336.79098034976,1.713251480168203,treated
1,253051.31441385843,59469.32338757811,0.1948968876866019,treated
1,226548.59335469655,45204.93175464048,0.619690272204389,treated
1,210118.37088533188,42944.41018560807,1.1923322185787129,treated
1,205830.59740961328,40416.83227634987,3.735554363437055,treated
1,233218.463268134,45872.86623159974,0.6537590668815929,treated
1,243411.4846413173,61900.20852799888,2.595836174571607,treated
1,236148.06785361096,52136.38604105848,1.2012447413982086,treated
1,242358.7270482412,56851.62856336117,1.925838686779846,treated
1,216690.40031373137,40071.11088400023,1.6950387030143954,treated
1,213633.8006649607,32062.405316164404,0.1260247356308108,treated
1,236524.25485852908,59980.77663459179,2.659119278889671,treated
1,276600.7340121718,69488.42446679098,0.4717075131982773,treated
1,249799.3219232209,51081.942615708045,0.2122897641404914,treated
1,247798.50345403104,53490.14317032056,1.32606728056283,treated
1,259229.7495977948,74026.68336981373,2.125513159961532,treated
1,222866.20559679385,40403.72700875378,0.7590086653941563,treated
1,240118.05004770507,62571.89851841572,4.1906827741515205,treated
1,294509.28832360375,79950.9633753768,0.7105196292582133,treated
1,288607.7249637138,93707.93699010994,2.632300453175069,treated
1,235260.39118666016,54015.67193515754,1.317246571784529,treated
1,193956.7187260248,24879.755829434645,2.5612148555331355,treated
1,220068.91292140665,42705.38136390004,1.2927858907437,treated
1,201992.24805306643,32225.843503744632,1.616329421825523,treated
1,195963.80616852484,35523.24856651442,2.9381748732652158,treated
1,251193.1630594348,62577.33805604518,0.5207574690143579,treated
1,198095.31557127743,36456.092328694605,4.99882668457172,treated
1,228741.48471642847,40178.18456855914,0.438796913857753,treated
1,236129.97235301405,56691.08302223121,0.5700959566727548,treated
1,208100.708046795,43175.2477948883,4.648160938621121,treated
1,252420.75785941855,48220.42510835176,0.9502260797979832,treated
1,262348.56877759646,66594.33065089834,0.1937566576421473,treated
1,196562.30435131383,33394.31476934768,2.6858632416340926,treated
1,221770.80254100767,44080.92315710616,1.8443919036873533,treated
1,247745.15374757463,49923.17199919893,1.2727465731364107,treated
1,236651.837835572,47548.35652213231,1.9296064573160745,treated
1,241400.7770507293,55063.618231984,0.9847977131001312,treated
1,255454.6929581134,71112.22791970575,1.3094818728236772,treated
1,171424.53949274583,19247.41848453466,1.7269169658474604,treated
1,214190.25776117225,50459.47238891626,3.968363121282135,treated
1,218547.6742815866,58071.73155505889,4.933559562240999,treated
1,247813.38598453277,70060.97161164116,2.291881455807563,treated
1,240246.13912427195,47682.414811251496,0.4639272706336972,treated
1,212311.2211521252,39560.86082493945,2.810045873564339,treated
1,270245.46248197544,78152.66916922506,3.772851477198156,treated
1,234000.82784581516,54734.07505385511,1.0813465489877572,treated
1,192392.3666102471,17790.664553920178,0.9405211406067564,treated
1,231498.8525856624,47560.01119182639,1.6951181295991324,treated
1,227531.71578891252,42058.408589508894,1.021797726058194,treated
1,269618.59732441773,77553.7029248197,3.052610021069124,treated
1,302748.3364082719,93576.00753860608,1.538142427120652,treated
1,286593.8049659536,75930.46466608389,0.2158761252844226,treated
1,232218.7511994641,61660.06364092616,4.7443687857456265,treated
1,216923.26306065728,56521.49111699928,3.782515238636552,treated
1,220028.44854649287,44357.65893154851,2.358200953121893,treated
1,240096.1922015216,53482.54834439384,2.155754785705575,treated
1,232456.0285100809,52331.43991502699,0.3937164494145856,treated
1,233385.9268666716,50797.330213668014,0.9035309788340472,treated
1,225702.8811251072,50001.26589637121,1.7606023696276685,treated
1,210821.7435099103,39176.62949685729,1.437365092742115,treated
1,242516.97599456285,73600.32353712863,4.596227911086129,treated
1,203325.0207597284,33313.82792024873,2.0163679146517204,treated
1,241201.59039723064,53941.23837720708,1.3136479820741676,treated
1,227956.183834158,53955.75806534779,1.8836763910427332,treated
1,231562.0387658699,45617.43221294668,0.6929027572123142,treated
1,230741.32617258152,46220.33932689672,3.4488092422204355,treated
1,176904.48330272565,11500.123386030536,2.838727995468764,treated
1,241022.01636924647,52647.68632058671,0.8515954405591447,treated
1,234586.74184218055,54439.909845306494,0.3456908123305724,treated
1,240622.4680288472,45072.12165315659,0.4446437152514132,treated
1,235210.5741268252,49080.13481256729,0.1187825322859326,treated
1,205913.5850282115,34206.522339440766,0.2814440649099559,treated
1,268325.14770248707,75984.67408114916,2.131221015900284,treated
1,242391.40089059676,56586.30018394364,2.444491507353353,treated
1,244307.7808099301,64843.75901892279,4.431674119665118,treated
1,221897.5667021512,47140.23413742261,1.3165864112824277,treated
1,254978.109079542,61263.0348309689,1.8329053174952523,treated
1,208197.4220027737,32419.892111077763,1.2542644582756108,treated
1,269474.4297962672,72668.42649915082,0.7497073896703033,treated
1,212538.0793990661,34794.23950339402,0.6689321279692773,treated
1,246541.72296506705,54680.14207326866,0.7530029716863196,treated
1,231830.0811363583,56208.3542805904,3.740354795399463,treated
1,198703.7194923868,41133.448622133415,3.780376412141189,treated
1,254786.8275834488,58863.59484190032,1.7960219863386884,treated
1,205633.51114058396,26276.084008190865,0.0546736055533186,treated
1,252973.46207238396,72139.23572080264,2.9759467606271297,treated
1,248391.41425400524,62698.75978765106,1.2880871141924788,treated
1,251402.1454811767,66027.07333983558,2.7762780995002805,treated
1,234918.4396222898,53493.17030205752,2.982225496801367,treated
1,232408.1378530567,47712.16201321462,1.2363354153972224,treated
1,256100.4769150701,64997.36370365442,1.4870597954679,treated
1,241250.15423875832,50171.39083340989,0.5364352876186346,treated
1,286012.6811470539,69934.40885655483,1.1835099726330167,treated
1,251000.0397855685,62851.9097384979,2.6381818030224107,treated
1,266304.0962467414,62627.30100335093,0.3368715256650312,treated
1,226724.4965762498,58311.7475198614,4.657309646544446,treated
1,281332.8037180244,84914.79650519128,0.619218409716854,treated
1,227919.80390622225,46922.574667009336,0.9899037320845356,treated
1,181483.3992007848,19947.16561900229,3.826606119693183,treated
1,276926.9824280362,74063.81542275712,0.4846727089465685,treated
1,231934.0492354632,57862.81764219156,2.93088147635486,treated
1,189245.2001269736,28808.511741614504,3.4863683091496456,treated
1,229899.26554541863,60529.30439331905,3.780604048715372,treated
1,221006.5834389805,39429.90105695176,2.406876986308291,treated
1,241249.83497876,57817.50883598169,2.9259567565248137,treated
1,206277.1724596331,46012.41812126932,3.286669808841868,treated
1,175467.00079259725,20104.09443418766,3.951215776947175,treated
1,184856.1171541924,30552.915078878585,3.1238031734229583,treated
1,179754.32992498286,14995.758202275429,3.0309821444390543,treated
1,283735.9869244878,69915.29198401538,0.4520403923594879,treated
1,185629.69058274545,37439.02664258807,4.137204262543736,treated
1,219037.9654271908,44629.74967888356,2.231250105806547,treated
1,233292.82331445516,34391.84091263698,0.2518986914427717,treated
1,245286.517304774,48033.7002396841,0.9651259476968532,treated
1,221346.8285689052,41991.49642439668,1.1742008162961557,treated
1,252375.20332781607,69809.92483292251,0.5541038484935207,treated
1,224631.4646108257,44858.20773703431,3.043298763133919,treated
1,169966.8258017798,27847.132747314023,4.795480316855554,treated
1,224518.3671204987,45027.67741854118,0.2547204450151114,treated
1,221325.47430770344,48032.937046949824,2.610707236045009,treated
1,240746.64245084437,55231.63841069442,2.7612656017200483,treated
1,243342.2162305406,54708.623171863306,0.2666254246667032,treated
1,181948.5606337077,18905.248460130624,2.662076598564347,treated
1,282948.0572299307,79058.46743644275,0.5972421796435018,treated
1,229108.9392669753,52779.88474123073,2.7430702966110374,treated
1,255911.50440152545,59287.5667546309,1.075656090391372,treated
1,213216.7915811893,51372.802672598125,4.512449837114593,treated
1,230637.5845781175,58711.65642994695,4.145437916679514,treated
1,225594.14207395664,49148.25208410963,3.156429586530426,treated
1,222138.23141694893,47443.886282536936,3.100733287327737,treated
1,214854.5327715221,45706.26899666462,1.886409195306816,treated
1,253772.38875623152,56809.48368963044,0.0619860695789797,treated
1,191857.89817434145,22528.908736773144,2.184946441557259,treated
1,195125.09562531332,20137.820073140032,1.2491304390486102,treated
1,189345.81034952743,27574.087546591923,2.637724372485914,treated
1,199638.5320385859,27462.448159386546,1.5983278381354349,treated
1,249649.9061952487,56976.20314250459,1.426105427469337,treated
1,226497.8474160829,45540.149559535465,0.125201015025918,treated
1,228360.16808311117,51492.16209523608,1.311942363668123,treated
1,254592.2757907143,61862.091825351206,0.1549739424056723,treated
1,236653.96265448304,60024.89027161995,3.391553042008541,treated
1,263856.2646467873,74434.05421435987,3.019723324893133,treated
1,205277.91493595883,35447.75720522881,1.980326256392436,treated
1,220854.9428462505,36684.5651642816,0.2062651625328126,treated
1,277099.1728924641,70036.7650448035,0.4997592788725652,treated
1,230018.74611334107,43361.96432161724,0.0790161958164809,treated
1,218077.8974563918,44573.44283833743,3.0995799009205256,treated
1,259686.4273961484,59562.06353976682,0.13008701775785,treated
1,180553.2484145959,14086.095426492924,0.9731410580246114,treated
1,214308.9855552076,38201.51337343747,0.019470731905663,treated
1,243532.6358465008,53714.98851663415,0.8299645574351366,treated
1,228072.5259656517,53050.82360929915,4.465651530350162,treated
1,242066.6395578469,58348.001641268944,0.4436724650394458,treated
1,260000.4535236713,80526.09954096601,4.712523096167407,treated
1,201829.1721355147,38697.08629463933,3.336984440493987,treated
1,196426.586011674,34516.059941332445,2.283727991769995,treated
1,235974.52897565364,48939.79427521893,0.7207857446067922,treated
1,233319.42796055,50767.13087828243,1.162761312215318,treated
1,211843.7639044227,38516.97083855431,3.330261496345743,treated
1,256321.0395650911,63502.76846029945,1.7561146373064918,treated
1,206580.31348946056,47605.27538866975,4.096296927799933,treated
1,237505.51341745432,58226.418812447,3.8644754354742887,treated
1,235915.98848366176,48980.29616023393,0.9874102593163908,treated
1,208652.5511420685,52847.65089256164,4.510748342045006,treated
1,252071.3423681143,68719.24977589148,1.1416811581596298,treated
1,232086.70935332213,55451.815067586096,2.856065956759988,treated
1,233944.69126882352,45593.31619771805,1.7130117832513891,treated
1,198310.95219236397,32350.77920856047,2.482824485735937,treated
1,215007.09282215257,53531.72552464895,3.1507598463719235,treated
1,237659.1559122633,53735.541834604126,2.32200813158596,treated
1,255815.3864101382,62189.01931630467,2.8743452101386717,treated
1,230306.14135992236,53624.89579731257,4.314631874774142,treated
1,237120.9765167126,69116.70825411858,3.993749138808804,treated
1,200250.40082990687,40586.1869534462,3.3228985476365707,treated
1,234906.24085170764,61443.89723505405,2.100814272623193,treated
1,229435.75656342745,56721.49045904305,4.069578418547851,treated
1,246173.4212757256,60707.30204723599,1.9827636141442369,treated
1,256049.4776793048,71767.68273531596,2.458051671487272,treated
1,202596.5060401766,43390.213676453866,4.029084806753112,treated
1,259135.2570603943,70439.63959705012,1.9932241042670755,treated
1,287872.1657814314,88239.91928910505,2.360722255103231,treated
1,216149.7061134161,45706.65575238996,4.0028855875766025,treated
1,220796.9191941121,33299.17937117227,0.7674610268709525,treated
1,240904.4083402489,58693.41713714716,2.9134123086537937,treated
1,251515.2544888045,57867.61062929129,1.4265599679960688,treated
1,180943.15823605232,27583.9157027104,3.6958616096336128,treated
1,276983.1227429292,80790.27472918836,3.357017620865159,treated
1,261761.59514641,59228.851504528415,1.9065376922821728,treated
1,279398.8543070309,77717.37519434068,0.8293301486167143,treated
1,284264.177504757,75018.3141667928,0.1607469755028062,treated
1,233258.422849991,52660.9417195541,1.9393201254131025,treated
1,243027.16641868817,68187.782552474,4.06148473235143,treated
1,215645.71214560623,36463.65357811231,1.149740089093162,treated
1,218369.7427838632,44864.885920041765,0.8519575457931244,treated
1,197717.52733325423,25765.12491018983,1.2362828665338514,treated
1,255639.53116870532,61772.660549122025,1.1319877020566704,treated
1,217807.742752013,54085.5463291136,2.515892633624439,treated
1,195164.26534547991,30247.546834126377,0.0607045046102178,treated
1,251852.2585560865,55815.54711893022,2.051706794495208,treated
1,255202.1413875641,68775.87512847793,0.6833166038941513,treated
1,203374.0757575885,43117.39260276049,1.6704692982997664,treated
1,246557.9524623805,64280.804797098346,2.648126204797419,treated
1,205619.0063878082,37599.42429624658,2.876474763142511,treated
1,215138.33727333375,35545.42333446794,0.8748891874374409,treated
1,229675.0037423683,46983.43018221755,1.802825553879252,treated
1,224881.10563729453,46324.09023213947,1.031364517026729,treated
1,250019.8787799656,59712.27036064211,4.4103885471905215,treated
1,215728.21685249917,49795.29812307055,3.987586020265895,treated
1,196284.03865009523,34473.82828939039,3.4921427728942,treated
1,219504.6096119713,46839.64978455265,2.625466166724319,treated
1,252747.12314924024,66920.28286023953,2.22632732999694,treated
1,200598.7875970131,36156.70337157098,4.955001240382443,treated
1,216892.812227688,54238.80474378945,3.997563028591143,treated
1,224328.27447597016,32897.58621310654,0.2443768842543781,treated
1,247878.22735985517,58231.0822829619,2.570240980194324,treated
1,244680.3291670431,54172.15589681941,0.6761068100199302,treated
1,260208.6286830919,61666.51083627388,0.5166142885424585,treated
1,188854.13253862225,25701.92008412345,1.7570542569976904,treated
1,178774.3144779074,22102.46890181557,4.674789084329254,treated
1,229943.4845342093,51485.52231510801,1.9270711572071064,treated
1,229469.77858271523,57744.46358152176,3.6991554701925216,treated
1,262020.24384036651,76777.52603108197,3.851976915906636,treated
1,231569.95934652296,67040.73025333142,4.99114240558927,treated
1,264347.6167487959,68744.97900565666,1.2238252177805502,treated
1,254573.1875104306,59553.59425058315,0.9190406193925028,treated
1,222677.6743087708,55111.87112003159,0.8287647342117627,treated
1,224193.7093383156,51254.31616115836,4.366199681769404,treated
1,274735.1348289471,76963.4174996696,1.0999671966363067,treated
1,229567.1323317676,53731.80964701624,1.1097701978047452,treated
1,225217.82115253183,50663.18567156297,2.2560764707863283,treated
1,211927.2164436578,47734.22183589606,3.4192234216703827,treated
1,204749.79357434192,38808.5261502123,3.215837717700276,treated
1,246001.9964061972,55868.969898998526,1.85855629914767,treated
1,203788.09496602343,23199.38732947883,0.2283114271835307,treated
1,246035.4456537608,65387.552643278585,1.2267813246681336,treated
1,209876.64454540843,33744.51758962909,1.162765076018379,treated
1,255767.41400036844,55169.073571255365,0.321044257827322,treated
1,255739.66691123933,69309.96667407599,1.8823471720318297,treated
1,253515.5088927396,66499.69475513126,1.9011779194965224,treated
1,215173.6344949294,53258.46792215787,3.79018105628918,treated
1,207390.7370698329,46968.75131915894,4.6977242038977165,treated
1,219895.3716936154,41331.58837883517,3.304340979623997,treated
1,204047.3716576113,42440.63387884085,3.738948615733324,treated
1,244391.6576075617,42781.383142018814,0.6192844056465097,treated
1,265187.1527593506,71566.65409874693,2.0522073677772337,treated
1,223953.47678004456,50463.75917049048,2.2886759332503863,treated
1,270516.17749795195,73421.5730270536,1.372851217304591,treated
1,203421.47661465776,33083.288526624296,2.0065316769109813,treated
1,216089.33262207868,38706.62124157068,0.0049499696319305,treated
1,253923.23703005209,71412.27925526757,2.7483669963137185,treated
1,277542.65247820626,77560.80013231281,1.645374352006349,treated
1,227981.9710130467,50533.64715476937,0.1211467704379243,treated
1,222665.29459841983,51965.86739069216,0.6342937398085841,treated
1,229629.06757824027,44572.51194373488,0.4421938463732738,treated
1,249754.0483667368,63629.02039838167,1.0200657327702043,treated
1,234009.5079277792,55048.74689908152,4.656216642397313,treated
1,256864.32294942383,59998.590029143,1.8956253054577423,treated
1,231763.72960662775,49123.83134211976,0.2880052518948739,treated
1,212389.844859542,39597.40753141579,2.8390569267717165,treated
1,250076.1854530697,54182.96426970858,0.7749258905302836,treated
1,227120.3885867974,50945.035525020496,0.1723549641638139,treated
1,230323.7065154338,49815.21060606033,0.037414980533833,treated
1,221912.0360621737,48448.6982963805,3.3707215044656724,treated
1,245488.54192928452,64214.744147724494,3.4200005178052804,treated
1,201912.01965741752,32420.42610648808,1.825923515105336,treated
1,244765.5267969904,54333.7500075306,2.9714721400691024,treated
1,236081.1558381766,50578.71684471376,1.2231356637951434,treated
1,243751.0875321188,45323.80503766329,0.0559337654343844,treated
1,203879.38622292405,37065.230607866855,4.074379713426863,treated
1,204495.02334266345,26965.36895110821,1.4180057480278696,treated
1,260860.3833669385,73824.14160723894,4.788467040077116,treated
1,213403.5620800517,46618.52826157851,3.883443381746452,treated
1,198658.5877271829,33856.32199521847,2.589392878342892,treated
1,248013.9598542658,57941.20110688584,0.5038076056068652,treated
1,222633.53401210936,45231.40177057306,2.714708528862037,treated
1,225507.07640611057,47454.20305369433,3.254061325220174,treated
1,211887.4352806964,54644.3012286375,4.375499485307363,treated
1,238991.48619239847,58843.20329053403,3.0680271752346204,treated
1,223498.19039470065,48681.84886376569,0.4975482143272858,treated
1,240072.65602431877,54340.387354356666,3.0520365971673664,treated
1,153705.76569301693,-4726.192378221756,2.815053800431795,treated
1,193103.4858574737,24148.04888891873,2.364435910770833,treated
1,241289.7759638872,57162.94005900193,1.0504356191176678,treated
1,210191.8721031375,39318.46937181592,0.4903991354546622,treated
1,240923.9138885369,70558.11482921198,4.146105706015596,treated
1,280895.06439078,83643.80468604478,1.2242737359685796,treated
1,259292.56101768583,56120.542653219,0.4224044783853597,treated
1,225144.0702432592,51965.406742901294,2.949926111215068,treated
1,205512.30378735083,34964.840289637985,0.553751591982008,treated
1,251922.74577044876,48354.08822458565,0.3975278154618511,treated
1,245384.13503680332,50519.178112778834,1.3930302631672546,treated
1,227613.62132959903,45758.06376278645,3.5447225951080896,treated
1,247129.4916427321,53346.83027609249,0.4577991718528446,treated
1,244754.53500514195,59252.21299534669,1.63081321001783,treated
1,203373.08291489104,35004.31656995928,1.1733613273079708,treated
1,238133.5836459133,56657.19064074657,1.5707744403917117,treated
1,246321.76100926203,56950.54709049031,0.7064463354355027,treated
1,236256.76329786787,53442.225731954095,4.298401506209935,treated
1,253330.4825605165,55615.796775593946,1.8899433659861689,treated
1,202402.18978320857,28935.963528638764,0.3222871622745438,treated
1,255168.451205299,54965.602324942935,1.2694554396119284,treated
1,247695.41593610335,63058.3341412959,3.530492911963801,treated
1,247937.2216140781,72189.11766011345,3.088929681942771,treated
1,285939.0595744954,76915.55081900538,0.0249248264723644,treated
1,269642.2035859533,69722.11807258858,0.9215500104492867,treated
1,222725.02317662665,51817.66923949193,3.8236210957087895,treated
1,224856.22985825024,51961.46281867317,2.2369203640206,treated
1,236671.74346044904,60051.18863303285,0.4877235338649133,treated
1,206643.38040185487,34684.32258982517,2.9888967031501905,treated
1,226003.0526875239,45892.24241680644,1.2223792124291977,treated
1,249114.37947110232,59295.52948223718,1.869609201466117,treated
1,241401.16817228924,55098.13041789056,2.230158596149456,treated
1,247169.09780060797,56147.42685993039,0.9097147763837632,treated
1,231382.66293490492,44533.42621603308,0.0812855494635922,treated
1,218060.17136551536,50540.89890196693,4.0788180579770685,treated
1,216284.7168455341,49930.50541663482,3.617796770459016,treated
1,232706.6746274463,67814.51589081681,4.534036268027752,treated
1,228177.30844761597,53041.62572378551,1.6874485319221932,treated
1,248605.9365880513,57277.41668818607,3.044039046027971,treated
1,270151.16247116163,64792.04475441152,0.5695362740951104,treated
1,221656.377844982,51528.88831058986,2.734067301202553,treated
1,248592.94539223888,56562.68372929805,2.327499985845287,treated
1,218507.452407876,31373.667066824117,0.2373674871654718,treated
1,222515.0056564468,46938.97123341727,0.4178101607423912,treated
1,239611.123187998,51644.71631861013,1.951380708861716,treated
1,292645.5867307486,86676.95217588375,1.2884354563649865,treated
1,246789.8789246145,52247.6362098092,0.9770979420531124,treated
1,223826.09193964445,56167.578770239445,4.796896361576155,treated
1,201152.834078478,43152.93283662917,3.2321351902914106,treated
1,247067.14491326985,71676.889353898,3.2822435903309093,treated
1,229558.4244877439,48839.65730268719,2.2564945917165264,treated
1,263027.62045648665,69785.19796612093,1.661885675180823,treated
1,278834.92898123,92138.16291844254,1.6562553015566406,treated
1,210671.3462251796,41201.22372393649,2.2708950585113463,treated
1,271223.46285749844,71529.5023496816,0.9520975233317476,treated
1,242212.33253264797,53656.28720602472,0.9650376807938316,treated
1,227103.1661114757,50928.747255199385,3.444485039944176,treated
1,244847.54887848804,59798.67324921841,0.2147881368782228,treated
1,222995.83013507508,40159.17595038549,1.8826936639829088,treated
1,258390.1596778537,73687.78254472448,0.8651196067164846,treated
1,261125.56219832844,64604.95267016135,0.3183179465943181,treated
1,248095.0944607839,68629.39995220717,4.135040073039997,treated
1,240494.6511069824,66951.4897460677,3.197472177452638,treated
1,226502.3800144192,58975.20570612324,3.558585599608982,treated
1,232537.7462552342,33539.93488179435,0.9189603492805416,treated
1,259617.1840377962,60510.84735289379,0.0041230841734268,treated
1,252759.8178314148,69553.47601712131,0.6189366555856884,treated
1,206030.8078498156,35170.59275848091,3.0040244456353458,treated
1,234348.29407103284,56754.7591706572,3.453235365525768,treated
1,254718.00983128365,50046.62825278456,0.4809550000723739,treated
1,277093.61985209264,70725.61390066695,0.0218181075735768,treated
1,237714.9321564049,47525.93336905672,2.536170887804103,treated
1,220619.8424971683,50558.417546323646,2.4575658652642,treated
1,286525.02522487973,75781.92504574789,0.4027247335655659,treated
1,257483.86935595103,60351.56637146018,0.9751473382241366,treated
1,239548.85733919992,65285.65539862643,3.4996108506882377,treated
1,236610.39290369768,65452.93104729096,3.239387404425353,treated
1,231837.9312123692,52760.86746907349,1.9402677365112384,treated
1,240262.540144226,64439.86358730262,2.7750512296995264,treated
1,227125.2120155918,41577.754598256746,0.7715185936134222,treated
1,249268.99971859585,72094.30358284361,4.583401422496836,treated
1,235164.20114202428,44551.09028646792,0.0180812239247046,treated
1,198027.12440636253,27390.115283404288,0.547436628504076,treated
1,219076.3356632143,37087.37482214645,1.7585119542513172,treated
1,289863.36529200186,86861.36138113838,3.506354035546788,treated
1,245523.79748846425,48246.79720387214,0.0649667433589812,treated
1,188546.13123815,25996.91226434784,1.3712276760905144,treated
1,198386.44390047836,38570.38312534613,4.059350765937928,treated
1,240016.56668661276,56262.07938113022,0.6950253925613264,treated
1,230426.04048053347,49840.4198507271,2.417558205018405,treated
1,193432.4659925301,29354.18751383078,2.1967503092811254,treated
1,223065.45138891996,47885.18153833372,0.8212669362713332,treated
1,247425.67461272408,65112.66156479839,4.770541395350038,treated
1,243605.01827239053,61251.82718205417,1.7760216179800388,treated
1,264523.21258453047,79006.90227782281,1.6104030314801805,treated
1,265532.4142782167,72273.78180100776,1.499624529139478,treated
1,224959.6366664929,34125.784237435444,0.5741733721597447,treated
1,200000.5706268961,30161.883000624814,2.781092263620873,treated
1,209090.09678724053,48464.04940083355,4.397117044558293,treated
1,214839.2188596022,36807.35557011586,1.3546019669315623,treated
1,225671.71572370076,47210.64984220927,1.5437424425150248,treated
1,187024.3100556724,16253.24333072589,0.3588854653038437,treated
1,259140.7837984388,69358.4564348176,0.9438944893183272,treated
1,219499.37803946665,36486.54507043137,0.7008987110166587,treated
1,242463.8750702217,58393.1055592425,3.5496318907129094,treated
1,235876.19159963407,58492.81637862249,3.520594451772905,treated
1,243301.74943006,54905.14803183972,0.5262879689155853,treated
1,274315.0646973652,73278.20180183733,0.9536357866135904,treated
1,260476.84728993065,69154.71248297064,3.193654564486904,treated
1,270305.72617712244,75253.79314307033,2.1052745649785605,treated
1,234464.19255402056,42035.35243166428,0.4508598824474558,treated
1,257442.578742838,65673.09218681642,2.166869582297042,treated
1,185498.9800848876,22884.547103376008,2.8951330409952587,treated
1,227739.38178491744,49421.92607234881,1.2796954094037187,treated
1,250511.60526655504,51461.20119436673,0.3094273851278822,treated
1,254923.05649302524,61936.670146163495,0.1275078198009893,treated
1,240848.1007475093,49256.61743672626,0.357822500309759,treated
1,250307.58130824065,59931.22301872629,2.730270333740399,treated
1,246599.14695562763,59753.73508367546,3.083194656979754,treated
1,271868.3551554162,73054.48480876467,0.3198627120413666,treated
1,220057.71670882724,40645.98966112681,1.5561155460211191,treated
1,225181.5553549824,41003.75826321703,2.17017807878158,treated
1,236208.9059821068,55455.47225514444,4.006744657109695,treated
1,186024.9712537364,19788.461077020653,4.243860425302383,treated
1,236673.5810591288,49651.494337244505,0.1310074209389655,treated
1,286023.3508580518,80052.64115602014,1.2133702147751346,treated
1,219311.2491711962,52545.59817714218,1.7567484164463203,treated
1,230400.3609333683,53864.60631381741,2.6038530397958444,treated
1,239383.1239686778,62682.24662722781,1.7006947684423968,treated
1,202903.71224826,32638.030516498668,0.5175513415502925,treated
1,207758.7862261661,35519.732077868546,2.514976266188009,treated
1,216722.91710338063,50802.2244023285,3.35943792882746,treated
1,233881.9866587209,61307.826049005234,3.869248806595003,treated
1,222244.1406072495,46233.46117944631,1.963550292804619,treated
1,240666.0948663936,68493.52901154045,0.1936130061449809,treated
1,250996.20897084835,62068.55452377255,2.802997375331961,treated
1,261977.4071213804,77543.3875959503,1.5903207355433977,treated
1,237087.4903366836,46955.870844869445,1.7310722768054576,treated
1,214362.50144872617,38592.36727892953,1.651589428877126,treated
1,215952.9192330188,49666.28307726184,3.2370541143803475,treated
1,247474.2337492429,61130.43354469236,2.53624316230858,treated
1,225464.0155870314,56179.573731901306,4.771341383803075,treated
1,281195.3983860198,77892.42211434967,1.4337195048960891,treated
1,230422.80688377435,59868.32015649769,4.611947869978152,treated
1,288452.1742319969,90661.18290827487,2.784162081853903,treated
1,220869.9588803424,56416.94597370699,2.7448903326473006,treated
1,206161.72956637165,34514.04470667729,1.34256823819911,treated
1,228614.5689898565,54902.65205582034,3.493167843433397,treated
1,255819.8558566746,58434.0930787174,0.3739076711367467,treated
1,213565.0311655935,30621.76597652465,0.5508502255306658,treated
1,216917.28139103056,46190.55982928329,4.389954404963522,treated
1,259049.7239828592,63744.6716161185,2.5794944812221066,treated
1,183419.0895014513,24001.86345186525,1.2585532087471614,treated
1,265562.9330040904,62930.00075618201,2.529877519555663,treated
1,253513.1595408732,64393.85788625111,1.4975624513732293,treated
1,227025.53570231015,49635.539243437765,4.251418425776921,treated
1,236237.7874208876,58341.12910734726,1.711345371440114,treated
1,259147.84770005292,72104.17088379644,0.7709544109481575,treated
1,181315.18476352235,23718.521409095432,4.108065685057018,treated
1,245878.9575766953,68731.3665861576,2.7879929556272747,treated
1,241348.2394059634,55046.01408034808,1.2395084491559143,treated
1,212432.0539503905,39921.31964480485,2.8097046180058887,treated
1,227523.0364381954,47262.50236024607,0.2021596569650185,treated
1,185393.8766198506,28852.708565782847,4.394844361932287,treated
1,215702.27488035845,42625.16577551774,1.640504045950998,treated
1,230547.3438616812,53838.60275156335,2.796211143504758,treated
1,251338.77638101627,59776.2221210456,0.0049623202531445,treated
1,204597.0901843263,43717.26884112442,3.911419617517797,treated
1,258567.20402123863,83445.97762114322,4.687826293864736,treated
1,180238.3867545422,26481.043753542523,4.511516024590137,treated
1,273732.22755497583,68914.05985344476,0.1022149157137541,treated
1,205298.64559863455,37217.61791051609,2.2557287200557727,treated
1,267317.1428596952,64932.354244179776,0.0335789208169257,treated
1,208472.17309465937,46858.86759440588,3.09857300607312,treated
1,237141.40703092676,55857.95894479276,1.5062809472313188,treated
1,281128.61954951286,71017.79412550844,1.5518129564393146,treated
1,245746.34627151105,59819.89292671679,2.047511684321944,treated
1,193970.4922400517,36977.0985403883,4.54525509899142,treated
1,207616.5383450481,40030.60999905304,3.74864675360624,treated
1,184771.54401090887,29139.718550371155,3.730667778646548,treated
1,263390.1601510954,71580.58223538847,1.043226662779992,treated
1,225676.50295524663,54350.60594725303,2.941342773025436,treated
1,250495.42656959096,72746.60150884106,4.27981254406841,treated
1,212961.40051338272,45401.51568069413,3.0501225422245604,treated
1,236142.8754191857,41101.69722694461,0.6456816584910163,treated
1,224518.96827818363,48286.85162333245,2.070137910661811,treated
1,267503.67449042085,84493.83639555979,2.8525457647279566,treated
1,245124.4824758824,51361.1384562826,0.0032115184993686,treated
1,227241.5588682115,55359.7913406594,3.590878960639684,treated
1,242939.11988790592,64444.40859874172,2.8355468274439617,treated
1,216759.6504276196,56895.58932522481,3.4068635858262093,treated
1,223003.35882457424,50603.84753000694,4.795366690399929,treated
1,222063.29100903808,51642.28039170632,3.776857706126538,treated
1,182576.52910153352,16093.778639932214,2.7167570871187885,treated
1,219751.83310737464,47138.59309498177,3.826882611971637,treated
1,264060.33729372045,81439.98125338159,4.341195642028289,treated
1,220323.1071172929,28142.93130620665,0.5482794959584913,treated
1,243635.46018156345,56749.67512019822,2.16162647934554,treated
1,242742.74774885384,54925.51959247307,0.8218936296222185,treated
1,218856.5258154404,40661.8977100167,2.960884724408904,treated
1,225961.5386964478,54841.96196139872,2.720490457411554,treated
1,250248.17801559815,60679.65534486577,1.1262390208975348,treated
1,233936.8777476945,54954.34918424888,0.5722265948556504,treated
1,227797.25660689763,57480.79161604585,4.318410197109351,treated
1,166210.14369233657,18392.11479005468,2.765993157688937,treated
1,227364.61027253044,51985.19759604009,1.462338524032819,treated
1,224859.31917910845,51018.69753754004,3.9955372421996977,treated
1,235184.99797369516,58221.92569463294,2.491395793551651,treated
1,181276.60040655825,24765.1027731346,2.571596665573417,treated
1,225384.7577400246,53154.3693662922,3.5553467698882613,treated
1,209643.41308570196,39276.85157153735,2.5196648221511717,treated
1,252590.38285519453,69680.37893329872,4.522531752097236,treated
1,188558.3053351838,30979.791247340047,4.06095275925596,treated
1,228651.15558744615,46488.11694075632,2.414539161855356,treated
1,238925.12139452345,43633.059353271536,1.5338704178860256,treated
1,223144.63551570012,54640.873552354176,4.10052372391849,treated
1,199934.9185177079,24689.784583799727,2.00849387751241,treated
1,222998.87886886444,53554.33083078869,2.421067571400322,treated
1,187216.6408651932,23288.92838654794,1.640355712804706,treated
1,243144.9130809744,58267.87593052541,0.4340022167536167,treated
1,215309.4886362504,40574.43337820782,1.434177773400761,treated
1,265746.22989119217,62136.81966485365,1.100241602383039,treated
1,233177.9084006632,44119.40306193903,0.0200158122138954,treated
1,240584.95987673808,52098.8646805867,0.7159836887156079,treated
1,229387.2951740508,37751.37338816638,1.232379265417134,treated
1,194384.84574032,32547.893003115933,1.6375603915657462,treated
1,220955.6962171875,60945.73510675563,4.451289668231456,treated
1,227263.20348061112,46700.96307100497,1.8275164911067865,treated
1,185624.02328505725,31064.16051714252,3.1090569222656854,treated
1,272466.8780174083,65431.71379618264,2.254576335810519,treated
1,236608.97287272423,58253.03744039661,3.362197861083952,treated
1,204760.144752856,39453.96378653297,3.213648653955477,treated
1,236810.5306521701,48209.50701084685,0.9488406860538406,treated
1,193242.14884227316,25686.29722537773,0.5319434150620389,treated
1,198096.39486902417,35225.07608413337,2.0784170457321456,treated
1,207145.50537545228,29203.3662009471,0.3090598053585769,treated
1,231548.5063632503,47392.43449858076,1.0832276778216798,treated
1,240691.7824505357,55669.56496992048,2.671892216318053,treated
1,241278.09945161347,56788.07628469388,1.3828600682845138,treated
1,261272.54206830647,54812.74469486911,0.1510497412103523,treated
1,262602.74102438014,73666.52307397829,0.8823007073465333,treated
1,273324.7002653313,68968.09714007055,1.94667002795825,treated
1,260844.2392039454,70371.81643800891,1.4866476305326604,treated
1,225916.09669684237,44242.98611438382,1.5882761040260374,treated
1,235952.85260001465,54323.28594635487,0.4146811143408652,treated
1,283669.9638181021,93713.6697262313,4.541728377707981,treated
1,255100.68540160343,67632.59864763169,1.8999919725694572,treated
1,269966.1329178868,73856.78446874034,1.4812736768965271,treated
1,246346.38218578536,66167.65033617773,3.953367958223048,treated
1,231261.65477122835,49744.431659938055,1.39081141946134,treated
1,245018.54829826253,66267.7274139495,3.68928590680204,treated
1,224681.42216351588,46943.272083131786,0.9223579208955296,treated
1,242623.5353374868,57545.73002565298,1.7400650733553529,treated
1,218704.6218256922,47320.17246479165,2.712720355237632,treated
1,210375.83123675096,39587.92158281502,3.7597525413587145,treated
1,228637.85143476207,46453.3037005323,2.150132848227606,treated
1,177197.14994261437,26492.343641218296,4.416726353514839,treated
1,182732.45406203813,23602.76438456801,2.8702775289091065,treated
1,218834.54361407028,61276.94698753184,3.4215290983988087,treated
1,216392.61754184184,53359.51142560172,3.7918613829927135,treated
1,225506.256778448,54229.338010912354,3.771805343658248,treated
1,234405.17311621163,56750.31010132748,4.673416139337051,treated
1,228384.98089768828,46588.70881034174,2.376036892631463,treated
1,223561.3169123461,39109.77353448535,2.1567980143575367,treated
1,204839.67146048736,45790.99329742904,4.098633855723665,treated
1,209638.30131825848,41932.82980464291,1.2446034962870938,treated
1,239572.66684401943,59603.20488993138,4.681392464023329,treated
1,197943.0268695664,41977.82992672164,4.874813512118855,treated
1,190553.43885999089,29270.76452954551,3.6236810922564606,treated
1,256706.4034147701,56153.18023519327,1.05596860014529,treated
1,222137.81019443448,52121.29210010816,4.381973753754396,treated
1,289597.5586498336,78543.61193411252,0.4242922177746716,treated
1,224883.781114586,43198.42552447111,2.557655683188237,treated
1,188498.9835400192,15863.953944173714,1.3082745781647205,treated
1,260028.5856966868,59614.8607909246,1.3907337273498557,treated
1,224507.8360847621,48302.47385406654,4.6392395091390695,treated
1,214820.7911938573,42073.60803326712,0.4419511770874873,treated
1,265936.4035744009,78844.19291099865,3.310248023157812,treated
1,226889.33592634203,50562.84848509398,3.9621255016758927,treated
1,206729.8933912504,38380.22215606905,1.1077924969296515,treated
1,250043.71369652363,59431.94440415455,0.0779035002126249,treated
1,280514.00321994664,84014.66305848882,1.5619390610101864,treated
1,210653.25354159373,32356.995250348507,0.7872380433259579,treated
1,203653.9804725072,38335.911083776,3.3304977678378616,treated
1,230891.565664006,51080.26462875578,2.139069046814708,treated
1,243856.8612203711,62137.92097779759,2.724914697892487,treated
1,235569.1293748477,51431.58557731605,1.3537052533194345,treated
1,188441.513552817,35248.76032011454,4.678033932348707,treated
1,226209.80929479084,60316.416973998086,3.121811225586135,treated
1,244525.36439208547,54523.28460219356,2.350911366015081,treated
1,260224.11218124407,65232.72824724394,1.451546283538352,treated
1,264445.5817450458,54107.63597462684,0.199709625432346,treated
1,208651.1946372901,45488.531227298976,3.975137036480774,treated
1,224221.90511157943,45090.41854617464,3.2136265734003,treated
1,237655.0167855441,49404.40576479533,2.541720813476954,treated
1,229215.74838264112,43855.26607447997,1.1813378863916515,treated
1,242135.87351626,57155.52690839688,1.3884896523160462,treated
1,225206.0447810445,49991.55354315562,1.8337154946497989,treated
1,233054.74807383108,64411.01461391696,3.01932280469172,treated
1,233481.001158606,54107.05767985279,2.187681783857523,treated
1,203655.7904608129,43068.09387241332,2.3498269706218347,treated
1,253507.68476416465,59965.305113598966,0.1410976608866415,treated
1,221152.63899463956,46087.57312393125,4.746264070529144,treated
1,177899.42821432365,18384.65918578396,1.620621073007097,treated
1,226820.33818887064,61538.54312055692,2.819029490088634,treated
1,267536.81373167865,68325.9299932639,1.2869378784730734,treated
1,234703.05958900813,59668.376179759696,3.100563144736701,treated
1,244626.56819535192,60106.915905016365,1.8531413075281644,treated
1,264114.14850958163,62907.94561942168,1.0184467454008994,treated
1,247759.3857332861,56219.24427540055,0.0998996211490632,treated
1,230639.2824033292,58679.9245072275,2.0929306277726685,treated
1,269422.9192159403,72174.1840357409,2.318128774500059,treated
1,259477.4736888012,57126.92101022013,0.9615702013784466,treated
1,214423.21892660472,39620.99455738085,0.7167503510476925,treated
1,262039.95020481272,65656.15096580742,3.524367339860594,treated
1,239693.60639935604,55900.65305381145,2.6517250880542598,treated
1,207465.26264134565,29045.569133733028,1.871839168137854,treated
1,213375.6910137924,59834.27091757074,3.342471451621752,treated
1,216267.5084578725,54348.28213877601,4.099425609098504,treated
1,206931.51557067243,44438.32745806908,1.93186968132332,treated
1,261457.538500304,63079.01549779177,1.5245567264245807,treated
1,197253.83914690604,25608.73267060225,1.0367666651322789,treated
1,240617.8469672185,60872.820073343,2.8002873811811524,treated
1,260760.42937945767,71331.59524885335,2.683075467647261,treated
1,203809.5193133145,43147.85028892004,4.143239239634976,treated
1,253896.8158471401,51521.71145975074,0.6942569337541488,treated
1,202995.0425091161,34046.604058479235,2.930546919571832,treated
1,239760.9095221495,52994.52526867272,2.550831466488836,treated
1,208580.4508957193,26581.956167166794,0.1801245341813323,treated
1,243323.1867032472,58142.873367163935,2.4854533090329904,treated
1,199214.33150558543,38252.30207427248,1.7134409018891572,treated
1,183896.9207339005,32946.16127884349,3.2455079959357,treated
1,229726.5833620056,41276.090985775925,0.3652063738087946,treated
1,200620.75604920252,26734.70881477918,0.9282884780868516,treated
1,204703.38532727095,43250.44427203026,3.0415037848568245,treated
1,223912.08919764112,50485.55151090546,4.795131920062212,treated
1,168360.86315103006,4285.5115197086925,1.5776837295141966,treated
1,222800.407445278,40759.26461665812,0.6486405345245277,treated
1,194868.5329422989,28007.21026295687,1.724329015626489,treated
1,243894.866105732,65403.58619480929,2.489837793893328,treated
1,253657.5904818308,66934.86651443026,2.160452117897446,treated
1,259694.4715221241,49173.46851436566,0.7167111105165075,treated
1,222254.55777660664,41253.27391545964,0.724912665985713,treated
1,192675.41658931744,34741.63488347538,2.609435769253166,treated
1,251463.28437858255,62993.37801287793,0.9848991265949376,treated
1,215562.8312187798,37052.21506483584,0.6969869156049441,treated
1,268694.8405042733,74063.43657027521,0.4366990753589173,treated
1,210784.843717121,37975.71738847324,1.860392057580127,treated
1,222863.8220702097,51422.40289595564,1.1006554011654746,treated
1,212527.638738276,44304.85293727741,4.981325314695667,treated
1,209341.68529993077,36363.45667094966,0.4034018920733251,treated
1,238627.700170151,53680.56513492998,0.476168051441877,treated
1,193209.49764165105,23354.02555486558,2.2659596752453304,treated
1,237565.14901020468,53229.53944912268,0.9017686081724152,treated
1,185504.0128760322,31959.551211484548,4.259339278732722,treated
1,214563.2587018166,41209.22540036662,2.691967450433124,treated
1,235744.8266481912,46458.04862333021,0.8078931218576096,treated
1,209109.61704141583,38984.18363913048,3.0611168852100783,treated
1,228502.4726351941,57276.40802745669,1.3189302108788337,treated
1,251271.206267229,53575.82562256138,0.8618361328212365,treated
1,219613.05159364085,43543.12499807063,0.2150162537002553,treated
1,222836.92714270545,46462.48634278728,2.7413192091663263,treated
1,177468.09703862434,29894.65687968194,3.606350729619428,treated
1,243439.6792955746,61547.85339583032,1.108485741884116,treated
1,247545.79347010903,57330.02786700961,3.982333241417713,treated
1,226114.5307944333,46219.05776894966,2.400154997131085,treated
1,187182.02142425743,38210.35088102967,4.525931616834877,treated
1,247066.2189398213,52975.7174093966,1.775300353975123,treated
1,241238.31581522708,55860.87539133344,1.963627069562148,treated
1,239436.6057473011,58179.848929505904,1.5666270554724,treated
1,246777.92011814663,48626.89970872688,0.6764096425559496,treated
1,200546.92650923663,42037.67257805529,4.623251098292312,treated
1,267209.61232324765,83212.28923687867,2.402799453994591,treated
0,202983.5413266795,42316.35906392694,0.9324164737793196,control
0,210952.49233481075,43946.11822220999,0.2738705369521804,control
0,235672.91994183484,63467.23112615822,2.582872524215061,control
0,167250.6864958626,29477.612011315025,4.749256899579317,control
0,249252.15666332416,71917.68300080493,0.8089122889613287,control
0,209066.56610404837,47184.93513607322,1.2987112604331847,control
0,241067.94156645687,58793.33497038917,1.7076913110081144,control
0,162508.1516606184,19434.072383979237,0.7122903614213488,control
0,221261.5147599264,59044.05415632833,0.4556572271319131,control
0,216157.78622935055,50209.77832797939,1.919759067385891,control
0,214333.77844671096,42598.97989425982,1.250855264025148,control
0,199030.60899844303,39674.41576653861,3.733658574190233,control
0,241053.53614579936,69500.66892048437,1.1735174452594788,control
0,236135.74583371624,61664.14295417804,2.421921296007255,control
0,215438.95491498537,53174.14599192576,1.206467258447651,control
0,267770.3184007579,69093.24153131995,1.497057474082622,control
0,199341.4724179866,42707.088039514296,1.7276849589500876,control
0,209066.56610404837,47184.93513607322,1.2987112604331847,control
0,249526.14775917077,69874.33519072447,1.693478167103752,control
0,267770.3184007579,69093.24153131995,1.497057474082622,control
0,233439.2827607155,50801.86868926211,0.1945541038710746,control
0,223560.14033234937,56697.96764044916,2.521096777688843,control
0,209066.56610404837,47184.93513607322,1.2987112604331847,control
0,214053.8521856745,42488.82884364626,0.7583185438972229,control
0,228305.09557438988,55939.00811646236,1.0839707286572238,control
0,268411.78454395354,92143.53455144587,2.154424487054264,control
0,209066.56610404837,47184.93513607322,1.2987112604331847,control
0,209066.56610404837,47184.93513607322,1.2987112604331847,control
0,176427.32056384152,26119.80496637817,2.068711624928285,control
0,267770.3184007579,69093.24153131995,1.497057474082622,control
0,194299.678863836,32426.500567619874,1.4956257208326114,control
0,184915.9073523653,32570.98390429869,2.90623511426676,control
0,209066.56610404837,47184.93513607322,1.2987112604331847,control
0,209066.56610404837,47184.93513607322,1.2987112604331847,control
0,253872.31919383456,60602.74461348576,0.6220519436326194,control
0,229036.5805238861,56638.18436306079,0.595120749910843,control
0,204160.30048252665,46162.51892988765,4.446509253836068,control
0,207592.1258142733,47507.632370754014,0.9165908093477017,control
0,249252.15666332416,71917.68300080493,0.8089122889613287,control
0,186526.84747006337,32654.78509602001,2.801869479839365,control
0,226893.481770524,62989.5295762573,0.3317640188529053,control
0,206293.13263037015,49979.11022834977,1.109761257235336,control
0,257620.9418597352,72976.68335901579,0.6627315713738136,control
0,268139.1661467403,75227.24928951236,0.1414615281905729,control
0,209066.56610404837,47184.93513607322,1.2987112604331847,control
0,236135.74583371624,61664.14295417804,2.421921296007255,control
0,181820.65185110105,23245.83305428725,0.2248212124941373,control
0,210012.05158374764,58116.97416206797,4.96549431358818,control
0,233039.2035156261,69929.46600274154,2.555864812503615,control
0,229392.3427965868,59659.08189915287,1.9407691728903251,control
0,238305.0755284037,66908.61810452049,0.6546065607324952,control
0,216242.6524245352,50124.2286493689,2.435227466895784,control
0,231171.660090519,53552.39175182041,1.0013541504507155,control
0,169237.097809531,22574.070328377464,1.0891864594179967,control
0,227574.71632872435,49352.99615538639,1.720185841295769,control
0,212955.89607559552,53431.55043393407,2.205209398376967,control
0,241053.53614579936,69500.66892048437,1.1735174452594788,control
0,209066.56610404837,47184.93513607322,1.2987112604331847,control
0,267770.3184007579,69093.24153131995,1.497057474082622,control
0,214837.4429602489,53259.09737342936,1.5743923913875153,control
0,215678.7524125953,56303.40064211879,4.009534167453742,control
0,198464.660390947,44940.12256897241,2.555718817149716,control
0,223580.61233976737,54529.56113778907,2.3961130644448883,control
0,233508.09292759732,52552.65414787898,0.4072124062040894,control
0,208982.15499102225,52464.80989072874,0.9206960857459124,control
0,235075.712828352,56795.281344682575,0.9544257328611184,control
0,214476.23947123124,51670.25644097167,2.624055938046019,control
0,217317.336176592,56670.90227292849,3.204728360626117,control
0,186916.0211309493,33225.41274190184,2.5792971899306,control
0,209066.56610404837,47184.93513607322,1.2987112604331847,control
0,267770.3184007579,69093.24153131995,1.497057474082622,control
0,233508.09292759732,52552.65414787898,0.4072124062040894,control
0,208179.55267889693,48523.309965381806,3.553807675109648,control
0,184910.12615786676,25920.931293011487,0.2865147727026307,control
0,208982.15499102225,52464.80989072874,0.9206960857459124,control
0,225765.06668887995,54033.70171517901,0.3505721602209194,control
0,249526.14775917077,69874.33519072447,1.693478167103752,control
0,241053.53614579936,69500.66892048437,1.1735174452594788,control
0,221353.9170174839,53624.66782515127,1.970420447076291,control
0,254572.7152617189,74164.05492517841,2.504916055158884,control
0,223560.14033234937,56697.96764044916,2.521096777688843,control
0,239365.2669197812,61148.81256805164,1.3173771409465884,control
0,209066.56610404837,47184.93513607322,1.2987112604331847,control
0,264626.3157779996,81938.70668042447,1.4615577171499583,control
0,194594.97441978156,34881.60575564683,1.220595375427883,control
0,219745.77950465304,59725.91016858069,3.075677949942107,control
0,208847.61323872625,35053.720609964155,0.5804965395077827,control
0,207592.1258142733,47507.632370754014,0.9165908093477017,control
0,215678.7524125953,56303.40064211879,4.009534167453742,control
0,199030.60899844303,39674.41576653861,3.733658574190233,control
0,241067.94156645687,58793.33497038917,1.7076913110081144,control
0,209066.56610404837,47184.93513607322,1.2987112604331847,control
0,231795.6295352872,71634.57186779367,3.08673549962843,control
0,209066.56610404837,47184.93513607322,1.2987112604331847,control
0,214333.77844671096,42598.97989425982,1.250855264025148,control
0,216689.06514682015,53719.213412778125,2.867629308542241,control
0,220190.25011396015,48290.78813517688,1.0009171529242975,control
0,220471.75896792347,64567.08510234367,1.4409965060028211,control
0,220190.25011396015,48290.78813517688,1.0009171529242975,control
0,241053.53614579936,69500.66892048437,1.1735174452594788,control
0,217019.35729376556,63817.261195921885,2.7616637512034976,control
0,226893.481770524,62989.5295762573,0.3317640188529053,control
0,194113.05641700624,47046.71451944136,3.1622311734539315,control
0,267770.3184007579,69093.24153131995,1.497057474082622,control
0,276896.22027304274,87762.11056300881,3.062196646265908,control
0,200134.7130025901,43814.94691692904,2.371212907126933,control
0,209066.56610404837,47184.93513607322,1.2987112604331847,control
0,250760.51689766004,64608.41192326101,1.026299252326011,control
0,207876.4259659434,37793.40907628184,1.5070031836009283,control
0,207679.64498018695,37857.705216608505,0.2436121337636382,control
0,204060.7929861866,39538.64265049585,2.388243847864854,control
0,250760.51689766004,64608.41192326101,1.026299252326011,control
0,212955.89607559552,53431.55043393407,2.205209398376967,control
0,209623.29022588985,39119.12716988037,0.1323955065248172,control
0,174451.40233987852,29662.79043310169,2.992642445216331,control
0,170607.14596343072,26419.39616520139,1.6344917593849466,control
0,267770.3184007579,69093.24153131995,1.497057474082622,control
0,224201.8006012399,46427.39384038002,1.6232183355516685,control
0,198464.660390947,44940.12256897241,2.555718817149716,control
0,226905.95928507645,54144.112689928304,1.6123165929088883,control
0,207592.1258142733,47507.632370754014,0.9165908093477017,control
0,214333.77844671096,42598.97989425982,1.250855264025148,control
0,267770.3184007579,69093.24153131995,1.497057474082622,control
0,187212.9725054782,37905.77268972974,2.730697467004817,control
0,250009.08853715853,57120.45632694803,0.7150370066319256,control
0,211318.1407278925,49805.918478446176,1.6029203122495306,control
0,213125.1527487968,49251.11133520621,2.1182756027530254,control
0,219363.3303065145,55750.90796530242,2.779387024378805,control
0,229458.4903649309,60668.39869689282,0.8142827562135124,control
0,250582.9396240692,75934.93011328555,2.79337148237528,control
0,249526.14775917077,69874.33519072447,1.693478167103752,control
0,257620.9418597352,72976.68335901579,0.6627315713738136,control
0,234889.063768862,59094.36734163063,1.243451903939325,control
0,213700.66775247583,60467.25258500007,4.658973097764917,control
0,209066.56610404837,47184.93513607322,1.2987112604331847,control
0,194113.05641700624,47046.71451944136,3.1622311734539315,control
0,201881.09269804152,47305.82879252812,2.857848922533594,control
0,261522.0959157798,80904.47255786118,0.7678893347387827,control
0,226261.1584660817,56933.18733515937,0.0354267708497402,control
0,176427.32056384152,26119.80496637817,2.068711624928285,control
0,215125.7760639775,55892.41202389878,1.8411619312418548,control
0,209432.5268861077,56724.86098959739,3.2695271531053165,control
0,170607.14596343072,26419.39616520139,1.6344917593849466,control
0,241067.94156645687,58793.33497038917,1.7076913110081144,control
0,209066.56610404837,47184.93513607322,1.2987112604331847,control
0,209066.56610404837,47184.93513607322,1.2987112604331847,control
0,249526.14775917077,69874.33519072447,1.693478167103752,control
0,207813.9986414896,45460.7036079433,1.1505157702866964,control
0,260892.4301455143,66983.51858268872,0.9334605914063264,control
0,180809.42908165275,20037.999606652105,3.113456721780219,control
0,190821.22508579615,47731.28529880436,2.708692858316142,control
0,267770.3184007579,69093.24153131995,1.497057474082622,control
0,209066.56610404837,47184.93513607322,1.2987112604331847,control
0,187212.9725054782,37905.77268972974,2.730697467004817,control
0,209066.56610404837,47184.93513607322,1.2987112604331847,control
0,267770.3184007579,69093.24153131995,1.497057474082622,control
0,209066.56610404837,47184.93513607322,1.2987112604331847,control
0,268139.1661467403,75227.24928951236,0.1414615281905729,control
0,232834.6768257685,64722.196239621735,1.283379460710838,control
0,264626.3157779996,81938.70668042447,1.4615577171499583,control
0,220055.99150952432,58330.40342762863,1.9350855781209184,control
0,172586.51799922623,15119.429376885695,1.5478589301498764,control
0,186916.0211309493,33225.41274190184,2.5792971899306,control
0,205472.14482384332,35197.14382357644,0.0242866888863951,control
0,215438.95491498537,53174.14599192576,1.206467258447651,control
0,238373.5819462768,60286.23552911993,0.5026100070835421,control
0,240154.5495647748,63620.94265276978,1.7855779794830928,control
0,208090.7668995976,47620.47744441968,4.079506077315471,control
0,226893.481770524,62989.5295762573,0.3317640188529053,control
0,207592.1258142733,47507.632370754014,0.9165908093477017,control
0,221869.7355921336,57231.00253288288,1.2483518946691323,control
0,267770.3184007579,69093.24153131995,1.497057474082622,control
0,220030.92436376173,55640.66554433917,2.9257391082065167,control
0,224995.4281766543,62598.83907699197,1.9522325519847996,control
0,186916.0211309493,33225.41274190184,2.5792971899306,control
0,214476.23947123124,51670.25644097167,2.624055938046019,control
0,223580.61233976737,54529.56113778907,2.3961130644448883,control
0,264626.3157779996,81938.70668042447,1.4615577171499583,control
0,221392.49532885663,53930.53718111572,4.304430842604969,control
0,217019.35729376556,63817.261195921885,2.7616637512034976,control
0,206762.6515531961,41633.42981015865,3.296570979582264,control
0,236135.74583371624,61664.14295417804,2.421921296007255,control
0,215678.7524125953,56303.40064211879,4.009534167453742,control
0,207592.1258142733,47507.632370754014,0.9165908093477017,control
0,260526.49221277365,73686.36884615652,2.26225117417379,control
0,184852.6360493426,43650.52531933769,3.869697193188281,control
0,233438.0997869581,58633.19764999842,1.8218078823780568,control
0,209066.56610404837,47184.93513607322,1.2987112604331847,control
0,207876.4259659434,37793.40907628184,1.5070031836009283,control
0,190124.23650444543,33924.48009707384,0.77222321742693,control
0,250760.51689766004,64608.41192326101,1.026299252326011,control
0,219745.77950465304,59725.91016858069,3.075677949942107,control
0,183297.54467006304,30104.058450221768,1.3748543691855826,control
0,223560.14033234937,56697.96764044916,2.521096777688843,control
0,268139.1661467403,75227.24928951236,0.1414615281905729,control
0,209066.56610404837,47184.93513607322,1.2987112604331847,control
0,209066.56610404837,47184.93513607322,1.2987112604331847,control
0,264626.3157779996,81938.70668042447,1.4615577171499583,control
0,224152.6068143892,66183.18558544607,3.809740892820876,control
0,201148.4809803968,35568.63325487559,1.1636607333809377,control
0,199341.4724179866,42707.088039514296,1.7276849589500876,control
0,183549.8123310412,27278.67836309691,1.1604023033489392,control
0,233438.0997869581,58633.19764999842,1.8218078823780568,control
0,223580.61233976737,54529.56113778907,2.3961130644448883,control
0,209066.56610404837,47184.93513607322,1.2987112604331847,control
0,229839.4656310318,55845.37557980004,2.0913865961418336,control
0,209066.56610404837,47184.93513607322,1.2987112604331847,control
0,232215.64232877825,59239.69133863243,0.1553480003491997,control
0,217019.35729376556,63817.261195921885,2.7616637512034976,control
0,181580.51839273865,37324.320080462734,2.939109647845146,control
0,196264.62276607417,33863.960620321515,0.889072320227714,control
0,233508.09292759732,52552.65414787898,0.4072124062040894,control
0,223875.6695672749,46734.72959848015,1.015747875836985,control
0,190325.56710548908,32870.92660786394,1.840466354983077,control
0,217031.63491505932,44273.931590025066,0.4486563887062561,control
0,186950.63824197336,33080.70464741497,3.585097363814444,control
0,190821.22508579615,47731.28529880436,2.708692858316142,control
0,247496.7957391611,65888.35608344481,2.1911917854378675,control
0,163257.47062450834,31701.863827377176,4.3915736544692905,control
0,203280.77584214628,54929.930034237215,3.8625290301120674,control
0,216403.4559867393,50998.18723788807,0.2587487280194239,control
0,224539.65055314504,58661.03866278875,2.099052805278929,control
0,228988.9281181701,54098.06034278184,0.521251081400006,control
0,244039.96187209216,61427.82161063695,0.6429425456260163,control
0,250582.9396240692,75934.93011328555,2.79337148237528,control
0,161693.05111997927,26156.487600365464,4.685313624398507,control
0,264626.3157779996,81938.70668042447,1.4615577171499583,control
0,270767.7868429941,63738.95453419398,0.1417188528569923,control
0,253153.04895553127,74763.91898346874,3.742572334465477,control
0,181447.6928444308,29329.860847282005,0.3965844959072412,control
0,267770.3184007579,69093.24153131995,1.497057474082622,control
0,238165.1551418724,59383.85590951005,0.9647086824674106,control
0,267770.3184007579,69093.24153131995,1.497057474082622,control
0,201137.63850682825,51178.98059172556,4.397334277949382,control
0,265095.92810657475,75649.15931018107,1.0331491302619344,control
0,231171.660090519,53552.39175182041,1.0013541504507155,control
0,214476.23947123124,51670.25644097167,2.624055938046019,control
0,175963.36348797436,28278.09110877429,2.471298884059313,control
0,210601.13601490032,55481.660965461175,1.397436867850948,control
0,241053.53614579936,69500.66892048437,1.1735174452594788,control
0,181820.65185110105,23245.83305428725,0.2248212124941373,control
0,267770.3184007579,69093.24153131995,1.497057474082622,control
0,194594.97441978156,34881.60575564683,1.220595375427883,control
0,267583.9590488109,75448.80024456276,0.4386889154131773,control
0,209066.56610404837,47184.93513607322,1.2987112604331847,control
0,260275.23600004544,77934.7634209232,1.3201685113780703,control
0,222491.43354803656,61948.16045779995,2.825740563479436,control
0,204210.04705787884,47444.17364965833,1.5352595798125437,control
0,206762.6515531961,41633.42981015865,3.296570979582264,control
0,199030.60899844303,39674.41576653861,3.733658574190233,control
0,215279.47752896053,42663.83797821614,0.5071752542721047,control
0,260526.49221277365,73686.36884615652,2.26225117417379,control
0,220645.74214101912,56462.315045118245,1.949447344363045,control
0,209066.56610404837,47184.93513607322,1.2987112604331847,control
0,180809.42908165275,20037.999606652105,3.113456721780219,control
0,209066.56610404837,47184.93513607322,1.2987112604331847,control
0,244795.7703873948,71825.68364406067,2.787917484131914,control
0,209066.56610404837,47184.93513607322,1.2987112604331847,control
0,209066.56610404837,47184.93513607322,1.2987112604331847,control
0,227367.46121241004,52371.78627357664,0.5847361654460415,control
0,221869.7355921336,57231.00253288288,1.2483518946691323,control
0,250760.51689766004,64608.41192326101,1.026299252326011,control
0,194113.05641700624,47046.71451944136,3.1622311734539315,control
0,209066.56610404837,47184.93513607322,1.2987112604331847,control
0,216403.4559867393,50998.18723788807,0.2587487280194239,control
0,238960.92069683247,65737.60432162024,0.1646800734918024,control
0,207592.1258142733,47507.632370754014,0.9165908093477017,control
0,215438.95491498537,53174.14599192576,1.206467258447651,control
0,215125.7760639775,55892.41202389878,1.8411619312418548,control
0,193659.13561116933,46560.61019671538,3.3666415370097758,control
0,201881.09269804152,47305.82879252812,2.857848922533594,control
0,190325.56710548908,32870.92660786394,1.840466354983077,control
0,216689.06514682015,53719.213412778125,2.867629308542241,control
0,257620.9418597352,72976.68335901579,0.6627315713738136,control
0,209066.56610404837,47184.93513607322,1.2987112604331847,control
0,180241.0844475984,37193.61166118882,4.049682368558542,control
0,205631.29453954843,55240.259338406446,2.561445213524729,control
0,209066.56610404837,47184.93513607322,1.2987112604331847,control
0,192685.14386621685,46450.117630221495,4.019413701544368,control
0,186916.0211309493,33225.41274190184,2.5792971899306,control
0,237146.74241056235,58449.69610274637,0.5429327391077654,control
0,218543.18666770568,53579.01186392666,4.079166776633029,control
0,209869.32018918844,39712.20985735036,1.823391451893981,control
0,187212.9725054782,37905.77268972974,2.730697467004817,control
0,250760.51689766004,64608.41192326101,1.026299252326011,control
0,213945.221743859,48600.520255197625,0.5415406059449701,control
0,216689.06514682015,53719.213412778125,2.867629308542241,control
0,209066.56610404837,47184.93513607322,1.2987112604331847,control
0,176427.32056384152,26119.80496637817,2.068711624928285,control
0,221869.7355921336,57231.00253288288,1.2483518946691323,control
0,210137.9662824497,39070.84272110709,0.650124975089515,control
0,276896.22027304274,87762.11056300881,3.062196646265908,control
0,257620.9418597352,72976.68335901579,0.6627315713738136,control
0,213945.221743859,48600.520255197625,0.5415406059449701,control
0,208190.31412621256,50815.303780855735,2.9376089026443712,control
0,208847.61323872625,35053.720609964155,0.5804965395077827,control
0,229392.3427965868,59659.08189915287,1.9407691728903251,control
0,237565.35488256143,54570.75619631647,0.211730569993524,control
0,206633.6970574652,45849.498648714296,3.6068443875692,control
0,222871.94680203672,58558.05554207728,1.3781752554168414,control
0,232581.3260852993,59530.56714291916,1.6438995565286862,control
0,194594.97441978156,34881.60575564683,1.220595375427883,control
0,251690.37945623056,62603.30244041296,0.9306937705211944,control
0,250009.08853715853,57120.45632694803,0.7150370066319256,control
0,209657.23068605905,53474.906663547765,4.2341688750556585,control
0,268411.78454395354,92143.53455144587,2.154424487054264,control
0,205472.14482384332,35197.14382357644,0.0242866888863951,control
0,231171.660090519,53552.39175182041,1.0013541504507155,control
0,234440.5280770285,65041.36737956906,3.4915920393429407,control
0,231795.6295352872,71634.57186779367,3.08673549962843,control
0,209066.56610404837,47184.93513607322,1.2987112604331847,control
0,267770.3184007579,69093.24153131995,1.497057474082622,control
0,198360.40030356543,51775.21870082307,3.8041942016060353,control
0,214476.23947123124,51670.25644097167,2.624055938046019,control
0,264626.3157779996,81938.70668042447,1.4615577171499583,control
0,184915.9073523653,32570.98390429869,2.90623511426676,control
0,268411.78454395354,92143.53455144587,2.154424487054264,control
0,267770.3184007579,69093.24153131995,1.497057474082622,control
0,235075.712828352,56795.281344682575,0.9544257328611184,control
0,235075.712828352,56795.281344682575,0.9544257328611184,control
0,209066.56610404837,47184.93513607322,1.2987112604331847,control
0,232156.68959086883,58044.454537713405,0.236921169087993,control
0,212368.1282993755,49893.24717307226,3.5312205584162344,control
0,212368.1282993755,49893.24717307226,3.5312205584162344,control
0,184910.12615786676,25920.931293011487,0.2865147727026307,control
0,219882.4166639725,56816.30507321544,2.868203343978545,control
0,240154.5495647748,63620.94265276978,1.7855779794830928,control
0,248385.4471878473,67977.79754775041,0.7022507919451132,control
0,223560.14033234937,56697.96764044916,2.521096777688843,control
0,226893.481770524,62989.5295762573,0.3317640188529053,control
0,241053.53614579936,69500.66892048437,1.1735174452594788,control
0,273420.01842090656,85804.27699360883,0.7655018790168855,control
0,209066.56610404837,47184.93513607322,1.2987112604331847,control
0,208982.15499102225,52464.80989072874,0.9206960857459124,control
0,241053.53614579936,69500.66892048437,1.1735174452594788,control
0,247880.77744475647,61617.42055798057,1.5958698588366482,control
0,265095.92810657475,75649.15931018107,1.0331491302619344,control
0,213125.1527487968,49251.11133520621,2.1182756027530254,control
0,249526.14775917077,69874.33519072447,1.693478167103752,control
0,209066.56610404837,47184.93513607322,1.2987112604331847,control
0,198114.55126133875,40206.25783002932,2.464189000343911,control
0,257620.9418597352,72976.68335901579,0.6627315713738136,control
0,225147.1849532097,54747.41392509962,0.8726856581339415,control
0,231648.8412697884,51319.44344496503,3.58738792985328,control
0,241053.53614579936,69500.66892048437,1.1735174452594788,control
0,221869.7355921336,57231.00253288288,1.2483518946691323,control
0,209066.56610404837,47184.93513607322,1.2987112604331847,control
0,244039.96187209216,61427.82161063695,0.6429425456260163,control
0,209066.56610404837,47184.93513607322,1.2987112604331847,control
0,242079.4805140572,66910.32142463633,3.153232629751601,control
0,216242.6524245352,50124.2286493689,2.435227466895784,control
0,196264.62276607417,33863.960620321515,0.889072320227714,control
0,209066.56610404837,47184.93513607322,1.2987112604331847,control
0,267770.3184007579,69093.24153131995,1.497057474082622,control
0,184915.9073523653,32570.98390429869,2.90623511426676,control
0,220334.86291067064,56825.3558052128,3.555813990970788,control
0,228988.9281181701,54098.06034278184,0.521251081400006,control
0,209066.56610404837,47184.93513607322,1.2987112604331847,control
0,213125.1527487968,49251.11133520621,2.1182756027530254,control
0,271654.0588641003,84647.66633135117,0.6914350074705355,control
0,206293.13263037015,49979.11022834977,1.109761257235336,control
0,249526.14775917077,69874.33519072447,1.693478167103752,control
0,234440.5280770285,65041.36737956906,3.4915920393429407,control
0,241053.53614579936,69500.66892048437,1.1735174452594788,control
0,264626.3157779996,81938.70668042447,1.4615577171499583,control
0,217019.35729376556,63817.261195921885,2.7616637512034976,control
0,214053.8521856745,42488.82884364626,0.7583185438972229,control
0,217317.336176592,56670.90227292849,3.204728360626117,control
0,209066.56610404837,47184.93513607322,1.2987112604331847,control
0,184587.3124514319,26556.734819902256,0.6752540233988735,control
0,199568.72542840076,36101.36087891713,1.7596497151148305,control
0,268411.78454395354,92143.53455144587,2.154424487054264,control
0,220948.3612177904,47130.435126775774,0.0706236673841198,control
0,246818.03431952596,82124.71401305692,2.6536164553011705,control
0,174989.68997728734,39056.3420879653,4.022730031589735,control
0,266868.4263856531,80014.4465238523,1.1885718768548863,control
0,246955.19908555225,66069.56808394424,1.0488033030670656,control
0,190020.9530995108,31581.26673962235,2.3337646295947003,control
0,215125.7760639775,55892.41202389878,1.8411619312418548,control
0,233508.09292759732,52552.65414787898,0.4072124062040894,control
0,220055.99150952432,58330.40342762863,1.9350855781209184,control
0,264626.3157779996,81938.70668042447,1.4615577171499583,control
0,220055.99150952432,58330.40342762863,1.9350855781209184,control
0,208847.61323872625,35053.720609964155,0.5804965395077827,control
0,211224.35533645996,59242.020020033575,3.658135077151167,control
0,204160.30048252665,46162.51892988765,4.446509253836068,control
0,210805.1267908606,36306.83019921759,1.3641798833822865,control
0,204210.04705787884,47444.17364965833,1.5352595798125437,control
0,220645.74214101912,56462.315045118245,1.949447344363045,control
0,209066.56610404837,47184.93513607322,1.2987112604331847,control
0,232201.93981230288,61209.08076715183,2.0615536342861733,control
0,216242.6524245352,50124.2286493689,2.435227466895784,control
0,216242.6524245352,50124.2286493689,2.435227466895784,control
0,228988.9281181701,54098.06034278184,0.521251081400006,control
0,257620.9418597352,72976.68335901579,0.6627315713738136,control
0,229392.3427965868,59659.08189915287,1.9407691728903251,control
0,254572.7152617189,74164.05492517841,2.504916055158884,control
0,184910.12615786676,25920.931293011487,0.2865147727026307,control
0,241053.53614579936,69500.66892048437,1.1735174452594788,control
0,215617.39559320197,50441.35363377459,1.387555597170076,control
0,248385.4471878473,67977.79754775041,0.7022507919451132,control
0,261522.0959157798,80904.47255786118,0.7678893347387827,control
0,209066.56610404837,47184.93513607322,1.2987112604331847,control
0,217019.35729376556,63817.261195921885,2.7616637512034976,control
0,249526.14775917077,69874.33519072447,1.693478167103752,control
0,219745.77950465304,59725.91016858069,3.075677949942107,control
0,241053.53614579936,69500.66892048437,1.1735174452594788,control
0,191651.3626748897,41861.632698322624,1.6116938640402212,control
0,198114.55126133875,40206.25783002932,2.464189000343911,control
0,209528.97872857668,55689.200515477445,3.837537079904492,control
0,154262.99996015415,19976.81383341982,4.320372353710745,control
0,209066.56610404837,47184.93513607322,1.2987112604331847,control
0,266868.4263856531,80014.4465238523,1.1885718768548863,control
0,214377.71586028364,51019.79939076633,1.763724359291467,control
0,223580.61233976737,54529.56113778907,2.3961130644448883,control
0,240154.5495647748,63620.94265276978,1.7855779794830928,control
0,208847.61323872625,35053.720609964155,0.5804965395077827,control
0,186916.0211309493,33225.41274190184,2.5792971899306,control
0,212906.8645060284,35896.681866114246,1.1288921828985514,control
0,236278.7523163664,66934.58439081337,1.959188549550264,control
0,254572.7152617189,74164.05492517841,2.504916055158884,control
0,241053.53614579936,69500.66892048437,1.1735174452594788,control
0,255172.57773184523,64990.04498711733,0.2368188664964399,control
0,209066.56610404837,47184.93513607322,1.2987112604331847,control
0,233508.09292759732,52552.65414787898,0.4072124062040894,control
0,214744.1312655309,38723.66228279749,1.6819054402835336,control
0,223722.49585388065,59194.480707118986,0.4996590448618182,control
0,232201.93981230288,61209.08076715183,2.0615536342861733,control
0,221869.7355921336,57231.00253288288,1.2483518946691323,control
0,209066.56610404837,47184.93513607322,1.2987112604331847,control
0,250582.9396240692,75934.93011328555,2.79337148237528,control
0,209066.56610404837,47184.93513607322,1.2987112604331847,control
0,228737.84036443787,57361.50063490728,2.744437945032836,control
0,183488.73690338584,34647.53761067202,1.3517048526381954,control
0,217230.9597974185,54919.93225571165,3.6187264509591888,control
0,183549.8123310412,27278.67836309691,1.1604023033489392,control
0,191399.57651928024,29596.348436117383,0.6200990765494774,control
0,204160.30048252665,46162.51892988765,4.446509253836068,control
0,235672.91994183484,63467.23112615822,2.582872524215061,control
0,183549.8123310412,27278.67836309691,1.1604023033489392,control
0,235672.91994183484,63467.23112615822,2.582872524215061,control
0,220471.75896792347,64567.08510234367,1.4409965060028211,control
0,210952.49233481075,43946.11822220999,0.2738705369521804,control
0,241067.94156645687,58793.33497038917,1.7076913110081144,control
0,219745.77950465304,59725.91016858069,3.075677949942107,control
0,190821.22508579615,47731.28529880436,2.708692858316142,control
0,267770.3184007579,69093.24153131995,1.497057474082622,control
0,249526.14775917077,69874.33519072447,1.693478167103752,control
0,226521.9948181374,53401.79069163704,0.8108996747189229,control
0,229036.5805238861,56638.18436306079,0.595120749910843,control
0,207631.45489031996,51048.79371492238,4.566905532810507,control
0,213846.5994717014,40185.750849686665,1.6915276230148202,control
0,219578.91370330247,54001.04251964962,2.657140860860351,control
0,209066.56610404837,47184.93513607322,1.2987112604331847,control
0,209042.08217847868,45726.73900426138,2.636998903290656,control
0,267770.3184007579,69093.24153131995,1.497057474082622,control
0,208587.11258485215,55123.33326410764,3.642409334509657,control
0,209066.56610404837,47184.93513607322,1.2987112604331847,control
0,195491.28883028828,35616.760987565016,2.5203195328227546,control
0,241053.53614579936,69500.66892048437,1.1735174452594788,control
0,201881.09269804152,47305.82879252812,2.857848922533594,control
0,226905.95928507645,54144.112689928304,1.6123165929088883,control
0,220055.99150952432,58330.40342762863,1.9350855781209184,control
0,219745.77950465304,59725.91016858069,3.075677949942107,control
0,200134.7130025901,43814.94691692904,2.371212907126933,control
0,199030.60899844303,39674.41576653861,3.733658574190233,control
0,209869.32018918844,39712.20985735036,1.823391451893981,control
0,268139.1661467403,75227.24928951236,0.1414615281905729,control
0,216689.06514682015,53719.213412778125,2.867629308542241,control
0,222352.95510415817,49580.26315204673,0.2999541729267413,control
0,210907.7196324247,47161.33488595392,1.9167139670525395,control
0,215279.47752896053,42663.83797821614,0.5071752542721047,control
0,213125.1527487968,49251.11133520621,2.1182756027530254,control
0,242108.78843198277,64477.55739092999,1.894212784865544,control
0,209066.56610404837,47184.93513607322,1.2987112604331847,control
0,210388.1849940984,55493.14396675906,3.4777601520632078,control
0,247880.77744475647,61617.42055798057,1.5958698588366482,control
0,235672.91994183484,63467.23112615822,2.582872524215061,control
0,209066.56610404837,47184.93513607322,1.2987112604331847,control
0,198360.40030356543,51775.21870082307,3.8041942016060353,control
0,235960.5822422782,61401.9962806378,0.8019466203386805,control
0,192685.14386621685,46450.117630221495,4.019413701544368,control
0,244039.96187209216,61427.82161063695,0.6429425456260163,control
0,184515.47463786835,27933.271484226643,0.4727767533169813,control
0,223560.14033234937,56697.96764044916,2.521096777688843,control
0,268139.1661467403,75227.24928951236,0.1414615281905729,control
0,197214.79471326765,41998.214792529136,3.071409252357892,control
0,219578.91370330247,54001.04251964962,2.657140860860351,control
0,232678.19599557013,60487.95097542332,1.1939266467934162,control
0,228988.9281181701,54098.06034278184,0.521251081400006,control
0,199780.47261726268,56516.35465318786,4.284301959582852,control
0,250582.9396240692,75934.93011328555,2.79337148237528,control
0,217672.2052735652,51538.297755894,1.6220283207080255,control
0,198360.40030356543,51775.21870082307,3.8041942016060353,control
0,224539.65055314504,58661.03866278875,2.099052805278929,control
0,176427.32056384152,26119.80496637817,2.068711624928285,control
0,243872.37746514377,72424.11966851594,4.034721121770178,control
0,204060.7929861866,39538.64265049585,2.388243847864854,control
0,212423.20738759465,53353.93323162024,2.8597531282060134,control
0,172925.11183470243,30192.66523764444,4.03916954853141,control
0,213125.1527487968,49251.11133520621,2.1182756027530254,control
0,190124.23650444543,33924.48009707384,0.77222321742693,control
0,249526.14775917077,69874.33519072447,1.693478167103752,control
0,197810.34890474417,46150.1882540037,1.4243234522194503,control
0,223580.61233976737,54529.56113778907,2.3961130644448883,control
0,216242.6524245352,50124.2286493689,2.435227466895784,control
0,228988.9281181701,54098.06034278184,0.521251081400006,control
0,230402.25160847072,57012.64013378068,0.2586074583319553,control
0,267770.3184007579,69093.24153131995,1.497057474082622,control
0,209066.56610404837,47184.93513607322,1.2987112604331847,control
0,249758.94803113656,69643.26027290791,0.3431042855442945,control
0,215678.7524125953,56303.40064211879,4.009534167453742,control
0,193223.34137462277,34121.95877032386,1.6489268977575122,control
0,237466.64345797285,70518.61176081456,3.9592364489553695,control
0,249252.15666332416,71917.68300080493,0.8089122889613287,control
0,174451.40233987852,29662.79043310169,2.992642445216331,control
0,241053.53614579936,69500.66892048437,1.1735174452594788,control
0,237796.69857238585,58481.9062875364,3.334810817817031,control
0,210601.13601490032,55481.660965461175,1.397436867850948,control
0,207592.1258142733,47507.632370754014,0.9165908093477017,control
0,184587.3124514319,26556.734819902256,0.6752540233988735,control
0,186916.0211309493,33225.41274190184,2.5792971899306,control
0,205472.14482384332,35197.14382357644,0.0242866888863951,control
0,220190.25011396015,48290.78813517688,1.0009171529242975,control
0,219363.3303065145,55750.90796530242,2.779387024378805,control
0,224609.53368204203,51718.766555358176,0.7676414702231527,control
0,216359.28946885015,33878.50979273429,0.0506466867072941,control
0,257620.9418597352,72976.68335901579,0.6627315713738136,control
0,209066.56610404837,47184.93513607322,1.2987112604331847,control
0,252616.27254981064,70457.75487399034,1.4629729492456178,control
0,209171.63871249324,44252.190182960185,1.600804844464347,control
0,276896.22027304274,87762.11056300881,3.062196646265908,control
0,209066.56610404837,47184.93513607322,1.2987112604331847,control
0,232581.3260852993,59530.56714291916,1.6438995565286862,control
0,209066.56610404837,47184.93513607322,1.2987112604331847,control
0,224152.6068143892,66183.18558544607,3.809740892820876,control
0,222525.43497755943,52886.31676652272,2.879108025351751,control
0,219743.59935911093,44546.25064539802,0.7321808727848977,control
0,276896.22027304274,87762.11056300881,3.062196646265908,control
0,227712.97856308124,57259.7344092729,1.7185503849853478,control
0,190821.22508579615,47731.28529880436,2.708692858316142,control
0,174989.68997728734,39056.3420879653,4.022730031589735,control
0,213125.1527487968,49251.11133520621,2.1182756027530254,control
0,163566.8390139805,23345.20041010887,4.4500733707996085,control
0,215617.39559320197,50441.35363377459,1.387555597170076,control
0,219882.4166639725,56816.30507321544,2.868203343978545,control
0,215678.7524125953,56303.40064211879,4.009534167453742,control
0,203280.77584214628,54929.930034237215,3.8625290301120674,control
0,215678.7524125953,56303.40064211879,4.009534167453742,control
0,213125.1527487968,49251.11133520621,2.1182756027530254,control
0,204060.7929861866,39538.64265049585,2.388243847864854,control
0,225765.9860949674,51056.28690990934,0.1007223574830112,control
0,214333.77844671096,42598.97989425982,1.250855264025148,control
0,173452.18991777208,26108.086104177084,1.3530534759759694,control
0,188076.77119857696,42758.14761913033,4.92682281084111,control
0,207876.4259659434,37793.40907628184,1.5070031836009283,control
0,221869.7355921336,57231.00253288288,1.2483518946691323,control
0,201137.63850682825,51178.98059172556,4.397334277949382,control
0,264626.3157779996,81938.70668042447,1.4615577171499583,control
0,198564.30321043197,43119.870725910005,2.313000303554041,control
0,209066.56610404837,47184.93513607322,1.2987112604331847,control
0,246818.03431952596,82124.71401305692,2.6536164553011705,control
0,209485.65492168415,47530.23458684073,4.621448797048043,control
0,253872.31919383456,60602.74461348576,0.6220519436326194,control
0,210897.50228852264,49612.05728069216,1.385990701052699,control
0,232156.68959086883,58044.454537713405,0.236921169087993,control
0,190821.22508579615,47731.28529880436,2.708692858316142,control
0,229392.3427965868,59659.08189915287,1.9407691728903251,control
0,267770.3184007579,69093.24153131995,1.497057474082622,control
0,190124.23650444543,33924.48009707384,0.77222321742693,control
0,238373.5819462768,60286.23552911993,0.5026100070835421,control
0,214476.23947123124,51670.25644097167,2.624055938046019,control
0,241053.53614579936,69500.66892048437,1.1735174452594788,control
0,225692.3596841005,52819.60381229156,1.355689431175452,control
0,173445.04464175654,34142.67688792589,4.678418196990212,control
0,250117.1339263069,55595.78477651267,0.4277882050919657,control
0,223580.61233976737,54529.56113778907,2.3961130644448883,control
0,220471.75896792347,64567.08510234367,1.4409965060028211,control
0,237565.35488256143,54570.75619631647,0.211730569993524,control
0,216689.06514682015,53719.213412778125,2.867629308542241,control
0,199568.72542840076,36101.36087891713,1.7596497151148305,control
0,213125.1527487968,49251.11133520621,2.1182756027530254,control
0,202727.14999500723,50490.42837879906,3.3165763968635003,control
0,224609.53368204203,51718.766555358176,0.7676414702231527,control
0,261522.0959157798,80904.47255786118,0.7678893347387827,control
0,214082.64173847437,64524.17531887221,3.0326605020397235,control
0,223580.61233976737,54529.56113778907,2.3961130644448883,control
0,198564.30321043197,43119.870725910005,2.313000303554041,control
0,264626.3157779996,81938.70668042447,1.4615577171499583,control
0,203284.79065844291,50481.61510956402,4.475820588868698,control
0,209958.25804706413,44375.82965226297,0.5089299437450873,control
0,222491.43354803656,61948.16045779995,2.825740563479436,control
0,209066.56610404837,47184.93513607322,1.2987112604331847,control
0,219745.77950465304,59725.91016858069,3.075677949942107,control
0,267770.3184007579,69093.24153131995,1.497057474082622,control
0,250760.51689766004,64608.41192326101,1.026299252326011,control
0,246818.03431952596,82124.71401305692,2.6536164553011705,control
0,224539.65055314504,58661.03866278875,2.099052805278929,control
0,260526.49221277365,73686.36884615652,2.26225117417379,control
0,235075.712828352,56795.281344682575,0.9544257328611184,control
0,268139.1661467403,75227.24928951236,0.1414615281905729,control
0,229036.5805238861,56638.18436306079,0.595120749910843,control
0,229971.1326683773,59594.396142468526,2.979289753654926,control
0,231171.660090519,53552.39175182041,1.0013541504507155,control
0,210394.2833226036,46676.95826403799,0.4039268196890522,control
0,249526.14775917077,69874.33519072447,1.693478167103752,control
0,226905.95928507645,54144.112689928304,1.6123165929088883,control
0,220471.75896792347,64567.08510234367,1.4409965060028211,control
0,169237.097809531,22574.070328377464,1.0891864594179967,control
0,212507.1307670586,54996.05558927383,4.145752451728751,control
0,244795.7703873948,71825.68364406067,2.787917484131914,control
0,228305.09557438988,55939.00811646236,1.0839707286572238,control
0,259367.0291676657,73036.33987993989,1.6950792878663017,control
0,184915.9073523653,32570.98390429869,2.90623511426676,control
0,184910.12615786676,25920.931293011487,0.2865147727026307,control
0,183518.0933947619,33986.09346432671,0.2590255781993672,control
0,224539.65055314504,58661.03866278875,2.099052805278929,control
0,228988.9281181701,54098.06034278184,0.521251081400006,control
0,187049.65302551317,35269.70870254549,3.2438745194427723,control
0,216242.6524245352,50124.2286493689,2.435227466895784,control
0,186156.1388602472,23521.69527045726,0.8550174161807517,control
0,213236.18465474117,43292.6351400508,2.9980944975643453,control
0,209066.56610404837,47184.93513607322,1.2987112604331847,control
0,209066.56610404837,47184.93513607322,1.2987112604331847,control
0,215279.47752896053,42663.83797821614,0.5071752542721047,control
0,236278.7523163664,66934.58439081337,1.959188549550264,control
0,241053.53614579936,69500.66892048437,1.1735174452594788,control
0,247496.7957391611,65888.35608344481,2.1911917854378675,control
0,205472.14482384332,35197.14382357644,0.0242866888863951,control
0,219745.77950465304,59725.91016858069,3.075677949942107,control
0,186916.0211309493,33225.41274190184,2.5792971899306,control
0,251690.37945623056,62603.30244041296,0.9306937705211944,control
0,263570.76396136987,81397.52463395892,2.481443714146179,control
0,209066.56610404837,47184.93513607322,1.2987112604331847,control
0,262460.4884603336,57096.30797041213,0.1342788846321396,control
0,215438.95491498537,53174.14599192576,1.206467258447651,control
0,239944.1262844457,70387.81362860656,1.63903860346993,control
0,224144.875506414,54394.007352459375,0.181528380522376,control
0,228988.9281181701,54098.06034278184,0.521251081400006,control
0,176427.32056384152,26119.80496637817,2.068711624928285,control
0,268411.78454395354,92143.53455144587,2.154424487054264,control
0,192595.57804660147,51013.68604233337,4.500456390718413,control
0,200068.1968027978,41847.56738101048,2.716545881179785,control
0,218402.7794860171,46685.49023320469,0.8052284140996996,control
0,180595.7159314005,38293.498180333234,2.966700627056987,control
0,214377.71586028364,51019.79939076633,1.763724359291467,control
0,225147.1849532097,54747.41392509962,0.8726856581339415,control
0,223560.14033234937,56697.96764044916,2.521096777688843,control
0,190821.22508579615,47731.28529880436,2.708692858316142,control
0,189066.09163919836,30704.09997374454,3.536335970976704,control
0,233438.0997869581,58633.19764999842,1.8218078823780568,control
0,215678.7524125953,56303.40064211879,4.009534167453742,control
0,213125.1527487968,49251.11133520621,2.1182756027530254,control
0,266241.26928728964,77319.48276219663,1.046386737859755,control
0,214377.71586028364,51019.79939076633,1.763724359291467,control
0,242107.48406789493,60478.49518057257,2.268070892273109,control
0,222593.29738620968,58903.3204235835,1.459472007626249,control
0,213945.221743859,48600.520255197625,0.5415406059449701,control
0,163566.8390139805,23345.20041010887,4.4500733707996085,control
0,263570.76396136987,81397.52463395892,2.481443714146179,control
